running 12 test modules across 4 workers
  FAIL  tests.test_config_and_projects                     28 tests    0.5s
  FAIL  tests.test_extension_composition                   30 tests    1.4s
  FAIL  tests.test_git_observation                         44 tests    1.9s
    ok  tests.test_input_binding                           31 tests    2.7s
  FAIL  tests.test_installed_product                       32 tests   18.2s
    ok  tests.test_layout_and_fitness                      21 tests    0.2s
  FAIL  tests.test_privacy_and_remote_truth                31 tests    0.8s
  FAIL  tests.test_protocol_source_and_profile             37 tests    0.8s
  FAIL  tests.test_public_api_seam                         31 tests    0.9s
  FAIL  tests.test_render_and_identity                     35 tests    0.9s
    ok  tests.test_ssdp6_profiles                          24 tests    0.3s
  FAIL  tests.test_workplan_resolution                     40 tests    0.8s

======================================================================
tests.test_config_and_projects
======================================================================
test_configuration_nesting_is_bounded (tests.test_config_and_projects.BoundedInputTests.test_configuration_nesting_is_bounded) ... ok
test_every_documented_limit_is_finite_and_positive (tests.test_config_and_projects.BoundedInputTests.test_every_documented_limit_is_finite_and_positive) ... ok
test_extension_namespace_count_is_bounded (tests.test_config_and_projects.BoundedInputTests.test_extension_namespace_count_is_bounded) ... ok
test_extension_namespace_size_is_bounded (tests.test_config_and_projects.BoundedInputTests.test_extension_namespace_size_is_bounded) ... ok
test_project_count_is_bounded (tests.test_config_and_projects.BoundedInputTests.test_project_count_is_bounded) ... ok
test_absent_extension_namespace_is_preserved_and_inactive (tests.test_config_and_projects.ConfigValidationTests.test_absent_extension_namespace_is_preserved_and_inactive) ... ok
test_credential_url_is_rejected_and_redacted (tests.test_config_and_projects.ConfigValidationTests.test_credential_url_is_rejected_and_redacted) ... ok
test_default_project_must_exist (tests.test_config_and_projects.ConfigValidationTests.test_default_project_must_exist) ... ok
test_env_override_allowlist_is_empty (tests.test_config_and_projects.ConfigValidationTests.test_env_override_allowlist_is_empty)
V1 defines no semantic environment-variable override surface. ... ok
test_malformed_toml_is_rejected (tests.test_config_and_projects.ConfigValidationTests.test_malformed_toml_is_rejected) ... ok
test_missing_schema_version_is_rejected (tests.test_config_and_projects.ConfigValidationTests.test_missing_schema_version_is_rejected) ... ok
test_oversized_config_is_rejected_before_parsing (tests.test_config_and_projects.ConfigValidationTests.test_oversized_config_is_rejected_before_parsing) ... ok
test_remote_is_disabled_by_default (tests.test_config_and_projects.ConfigValidationTests.test_remote_is_disabled_by_default) ... ok
test_remote_source_requires_explicit_ref (tests.test_config_and_projects.ConfigValidationTests.test_remote_source_requires_explicit_ref) ... ok
test_secret_bearing_core_key_is_rejected (tests.test_config_and_projects.ConfigValidationTests.test_secret_bearing_core_key_is_rejected)
Core sections are closed, so an ad-hoc credential key cannot be stored. ... ok
test_unknown_top_level_key_is_rejected (tests.test_config_and_projects.ConfigValidationTests.test_unknown_top_level_key_is_rejected) ... ok
test_unrelated_extension_config_does_not_change_configuration_identity (tests.test_config_and_projects.ConfigValidationTests.test_unrelated_extension_config_does_not_change_configuration_identity)
Invariant 14: unrelated extension config must not perturb Core identity. ... ok
test_ambiguous_project_fails_explicitly (tests.test_config_and_projects.ProjectResolutionTests.test_ambiguous_project_fails_explicitly) ... ERROR
test_cwd_containment_selects_a_unique_project (tests.test_config_and_projects.ProjectResolutionTests.test_cwd_containment_selects_a_unique_project) ... ERROR
test_default_project_is_used_outside_any_worktree (tests.test_config_and_projects.ProjectResolutionTests.test_default_project_is_used_outside_any_worktree) ... ERROR
test_explicit_project_wins (tests.test_config_and_projects.ProjectResolutionTests.test_explicit_project_wins) ... ERROR
test_nested_cwd_resolves_to_the_containing_project (tests.test_config_and_projects.ProjectResolutionTests.test_nested_cwd_resolves_to_the_containing_project) ... ERROR
test_sole_configured_project_is_used (tests.test_config_and_projects.ProjectResolutionTests.test_sole_configured_project_is_used) ... ERROR
test_unknown_project_fails (tests.test_config_and_projects.ProjectResolutionTests.test_unknown_project_fails) ... ERROR
test_builtin_default_is_web (tests.test_config_and_projects.PromptModePrecedenceTests.test_builtin_default_is_web) ... ERROR
test_core_default_overrides_builtin (tests.test_config_and_projects.PromptModePrecedenceTests.test_core_default_overrides_builtin) ... ERROR
test_explicit_mode_must_be_local_or_web (tests.test_config_and_projects.PromptModePrecedenceTests.test_explicit_mode_must_be_local_or_web) ... ERROR
test_project_default_overrides_core_default (tests.test_config_and_projects.PromptModePrecedenceTests.test_project_default_overrides_core_default) ... ERROR

======================================================================
ERROR: test_ambiguous_project_fails_explicitly (tests.test_config_and_projects.ProjectResolutionTests.test_ambiguous_project_fails_explicitly)
----------------------------------------------------------------------
Traceback (most recent call last):
  File "/home/runner/work/scientific-software-development-protocol/scientific-software-development-protocol/orchestrator/tests/test_config_and_projects.py", line 131, in setUp
    self.repo_a = init_repo(self.root / "a")
                  ^^^^^^^^^^^^^^^^^^^^^^^^^^
  File "/home/runner/work/scientific-software-development-protocol/scientific-software-development-protocol/orchestrator/tests/_support.py", line 75, in init_repo
    subprocess.run(
  File "/opt/hostedtoolcache/Python/3.12.14/x64/lib/python3.12/subprocess.py", line 571, in run
    raise CalledProcessError(retcode, process.args,
subprocess.CalledProcessError: Command '['git', '-C', '/tmp/tmp_yxk1jog/a', 'commit', '--quiet', '-m', 'initial']' returned non-zero exit status 1.

======================================================================
ERROR: test_cwd_containment_selects_a_unique_project (tests.test_config_and_projects.ProjectResolutionTests.test_cwd_containment_selects_a_unique_project)
----------------------------------------------------------------------
Traceback (most recent call last):
  File "/home/runner/work/scientific-software-development-protocol/scientific-software-development-protocol/orchestrator/tests/test_config_and_projects.py", line 131, in setUp
    self.repo_a = init_repo(self.root / "a")
                  ^^^^^^^^^^^^^^^^^^^^^^^^^^
  File "/home/runner/work/scientific-software-development-protocol/scientific-software-development-protocol/orchestrator/tests/_support.py", line 75, in init_repo
    subprocess.run(
  File "/opt/hostedtoolcache/Python/3.12.14/x64/lib/python3.12/subprocess.py", line 571, in run
    raise CalledProcessError(retcode, process.args,
subprocess.CalledProcessError: Command '['git', '-C', '/tmp/tmpn6m_08ly/a', 'commit', '--quiet', '-m', 'initial']' returned non-zero exit status 1.

======================================================================
ERROR: test_default_project_is_used_outside_any_worktree (tests.test_config_and_projects.ProjectResolutionTests.test_default_project_is_used_outside_any_worktree)
----------------------------------------------------------------------
Traceback (most recent call last):
  File "/home/runner/work/scientific-software-development-protocol/scientific-software-development-protocol/orchestrator/tests/test_config_and_projects.py", line 131, in setUp
    self.repo_a = init_repo(self.root / "a")
                  ^^^^^^^^^^^^^^^^^^^^^^^^^^
  File "/home/runner/work/scientific-software-development-protocol/scientific-software-development-protocol/orchestrator/tests/_support.py", line 75, in init_repo
    subprocess.run(
  File "/opt/hostedtoolcache/Python/3.12.14/x64/lib/python3.12/subprocess.py", line 571, in run
    raise CalledProcessError(retcode, process.args,
subprocess.CalledProcessError: Command '['git', '-C', '/tmp/tmpl5rm2236/a', 'commit', '--quiet', '-m', 'initial']' returned non-zero exit status 1.

======================================================================
ERROR: test_explicit_project_wins (tests.test_config_and_projects.ProjectResolutionTests.test_explicit_project_wins)
----------------------------------------------------------------------
Traceback (most recent call last):
  File "/home/runner/work/scientific-software-development-protocol/scientific-software-development-protocol/orchestrator/tests/test_config_and_projects.py", line 131, in setUp
    self.repo_a = init_repo(self.root / "a")
                  ^^^^^^^^^^^^^^^^^^^^^^^^^^
  File "/home/runner/work/scientific-software-development-protocol/scientific-software-development-protocol/orchestrator/tests/_support.py", line 75, in init_repo
    subprocess.run(
  File "/opt/hostedtoolcache/Python/3.12.14/x64/lib/python3.12/subprocess.py", line 571, in run
    raise CalledProcessError(retcode, process.args,
subprocess.CalledProcessError: Command '['git', '-C', '/tmp/tmpzme88gnb/a', 'commit', '--quiet', '-m', 'initial']' returned non-zero exit status 1.

======================================================================
ERROR: test_nested_cwd_resolves_to_the_containing_project (tests.test_config_and_projects.ProjectResolutionTests.test_nested_cwd_resolves_to_the_containing_project)
----------------------------------------------------------------------
Traceback (most recent call last):
  File "/home/runner/work/scientific-software-development-protocol/scientific-software-development-protocol/orchestrator/tests/test_config_and_projects.py", line 131, in setUp
    self.repo_a = init_repo(self.root / "a")
                  ^^^^^^^^^^^^^^^^^^^^^^^^^^
  File "/home/runner/work/scientific-software-development-protocol/scientific-software-development-protocol/orchestrator/tests/_support.py", line 75, in init_repo
    subprocess.run(
  File "/opt/hostedtoolcache/Python/3.12.14/x64/lib/python3.12/subprocess.py", line 571, in run
    raise CalledProcessError(retcode, process.args,
subprocess.CalledProcessError: Command '['git', '-C', '/tmp/tmpetp3vauo/a', 'commit', '--quiet', '-m', 'initial']' returned non-zero exit status 1.

======================================================================
ERROR: test_sole_configured_project_is_used (tests.test_config_and_projects.ProjectResolutionTests.test_sole_configured_project_is_used)
----------------------------------------------------------------------
Traceback (most recent call last):
  File "/home/runner/work/scientific-software-development-protocol/scientific-software-development-protocol/orchestrator/tests/test_config_and_projects.py", line 131, in setUp
    self.repo_a = init_repo(self.root / "a")
                  ^^^^^^^^^^^^^^^^^^^^^^^^^^
  File "/home/runner/work/scientific-software-development-protocol/scientific-software-development-protocol/orchestrator/tests/_support.py", line 75, in init_repo
    subprocess.run(
  File "/opt/hostedtoolcache/Python/3.12.14/x64/lib/python3.12/subprocess.py", line 571, in run
    raise CalledProcessError(retcode, process.args,
subprocess.CalledProcessError: Command '['git', '-C', '/tmp/tmpet7_hdny/a', 'commit', '--quiet', '-m', 'initial']' returned non-zero exit status 1.

======================================================================
ERROR: test_unknown_project_fails (tests.test_config_and_projects.ProjectResolutionTests.test_unknown_project_fails)
----------------------------------------------------------------------
Traceback (most recent call last):
  File "/home/runner/work/scientific-software-development-protocol/scientific-software-development-protocol/orchestrator/tests/test_config_and_projects.py", line 131, in setUp
    self.repo_a = init_repo(self.root / "a")
                  ^^^^^^^^^^^^^^^^^^^^^^^^^^
  File "/home/runner/work/scientific-software-development-protocol/scientific-software-development-protocol/orchestrator/tests/_support.py", line 75, in init_repo
    subprocess.run(
  File "/opt/hostedtoolcache/Python/3.12.14/x64/lib/python3.12/subprocess.py", line 571, in run
    raise CalledProcessError(retcode, process.args,
subprocess.CalledProcessError: Command '['git', '-C', '/tmp/tmp2nxsq5ix/a', 'commit', '--quiet', '-m', 'initial']' returned non-zero exit status 1.

======================================================================
ERROR: test_builtin_default_is_web (tests.test_config_and_projects.PromptModePrecedenceTests.test_builtin_default_is_web)
----------------------------------------------------------------------
Traceback (most recent call last):
  File "/home/runner/work/scientific-software-development-protocol/scientific-software-development-protocol/orchestrator/tests/test_config_and_projects.py", line 196, in setUp
    self.repo = init_repo(self.root / "repo")
                ^^^^^^^^^^^^^^^^^^^^^^^^^^^^^
  File "/home/runner/work/scientific-software-development-protocol/scientific-software-development-protocol/orchestrator/tests/_support.py", line 75, in init_repo
    subprocess.run(
  File "/opt/hostedtoolcache/Python/3.12.14/x64/lib/python3.12/subprocess.py", line 571, in run
    raise CalledProcessError(retcode, process.args,
subprocess.CalledProcessError: Command '['git', '-C', '/tmp/tmpku3uasy4/repo', 'commit', '--quiet', '-m', 'initial']' returned non-zero exit status 1.

======================================================================
ERROR: test_core_default_overrides_builtin (tests.test_config_and_projects.PromptModePrecedenceTests.test_core_default_overrides_builtin)
----------------------------------------------------------------------
Traceback (most recent call last):
  File "/home/runner/work/scientific-software-development-protocol/scientific-software-development-protocol/orchestrator/tests/test_config_and_projects.py", line 196, in setUp
    self.repo = init_repo(self.root / "repo")
                ^^^^^^^^^^^^^^^^^^^^^^^^^^^^^
  File "/home/runner/work/scientific-software-development-protocol/scientific-software-development-protocol/orchestrator/tests/_support.py", line 75, in init_repo
    subprocess.run(
  File "/opt/hostedtoolcache/Python/3.12.14/x64/lib/python3.12/subprocess.py", line 571, in run
    raise CalledProcessError(retcode, process.args,
subprocess.CalledProcessError: Command '['git', '-C', '/tmp/tmp149es616/repo', 'commit', '--quiet', '-m', 'initial']' returned non-zero exit status 1.

======================================================================
ERROR: test_explicit_mode_must_be_local_or_web (tests.test_config_and_projects.PromptModePrecedenceTests.test_explicit_mode_must_be_local_or_web)
----------------------------------------------------------------------
Traceback (most recent call last):
  File "/home/runner/work/scientific-software-development-protocol/scientific-software-development-protocol/orchestrator/tests/test_config_and_projects.py", line 196, in setUp
    self.repo = init_repo(self.root / "repo")
                ^^^^^^^^^^^^^^^^^^^^^^^^^^^^^
  File "/home/runner/work/scientific-software-development-protocol/scientific-software-development-protocol/orchestrator/tests/_support.py", line 69, in init_repo
    git(root, "add", "README.md")
  File "/home/runner/work/scientific-software-development-protocol/scientific-software-development-protocol/orchestrator/tests/_support.py", line 33, in git
    result = subprocess.run(
             ^^^^^^^^^^^^^^^
  File "/opt/hostedtoolcache/Python/3.12.14/x64/lib/python3.12/subprocess.py", line 571, in run
    raise CalledProcessError(retcode, process.args,
subprocess.CalledProcessError: Command '['git', '-C', '/tmp/tmp0zfky_zo/repo', 'add', 'README.md']' returned non-zero exit status 128.

======================================================================
ERROR: test_project_default_overrides_core_default (tests.test_config_and_projects.PromptModePrecedenceTests.test_project_default_overrides_core_default)
----------------------------------------------------------------------
Traceback (most recent call last):
  File "/home/runner/work/scientific-software-development-protocol/scientific-software-development-protocol/orchestrator/tests/test_config_and_projects.py", line 196, in setUp
    self.repo = init_repo(self.root / "repo")
                ^^^^^^^^^^^^^^^^^^^^^^^^^^^^^
  File "/home/runner/work/scientific-software-development-protocol/scientific-software-development-protocol/orchestrator/tests/_support.py", line 75, in init_repo
    subprocess.run(
  File "/opt/hostedtoolcache/Python/3.12.14/x64/lib/python3.12/subprocess.py", line 571, in run
    raise CalledProcessError(retcode, process.args,
subprocess.CalledProcessError: Command '['git', '-C', '/tmp/tmps9_bdp6v/repo', 'commit', '--quiet', '-m', 'initial']' returned non-zero exit status 128.

----------------------------------------------------------------------
Ran 28 tests in 0.203s

FAILED (errors=11)


======================================================================
tests.test_extension_composition
======================================================================
test_core_stays_fully_functional_without_extensions (tests.test_extension_composition.DiscoveryOnlyTests.test_core_stays_fully_functional_without_extensions) ... ERROR
test_discovery_does_not_claim_unobserved_capabilities (tests.test_extension_composition.DiscoveryOnlyTests.test_discovery_does_not_claim_unobserved_capabilities) ... ERROR
test_discovery_is_the_default_policy (tests.test_extension_composition.DiscoveryOnlyTests.test_discovery_is_the_default_policy) ... ERROR
test_discovery_reads_metadata_without_importing_provider_code (tests.test_extension_composition.DiscoveryOnlyTests.test_discovery_reads_metadata_without_importing_provider_code) ... ERROR
test_discovery_reports_distribution_metadata (tests.test_extension_composition.DiscoveryOnlyTests.test_discovery_reports_distribution_metadata) ... ERROR
test_metadata_discovery_failure_is_visible (tests.test_extension_composition.DiscoveryOnlyTests.test_metadata_discovery_failure_is_visible) ... ERROR
test_extension_context_exposes_no_core_internals (tests.test_extension_composition.ExtensionContextTests.test_extension_context_exposes_no_core_internals) ... ERROR
test_extension_receives_only_its_own_configuration_namespace (tests.test_extension_composition.ExtensionContextTests.test_extension_receives_only_its_own_configuration_namespace) ... ERROR
test_prompt_event_reaches_only_an_explicit_subscriber (tests.test_extension_composition.ExtensionContextTests.test_prompt_event_reaches_only_an_explicit_subscriber) ... ERROR
test_absent_capability_request_is_a_structured_problem (tests.test_extension_composition.NormalActivationTests.test_absent_capability_request_is_a_structured_problem) ... ERROR
test_activation_none_is_a_failure_not_an_empty_registration (tests.test_extension_composition.NormalActivationTests.test_activation_none_is_a_failure_not_an_empty_registration) ... ERROR
test_capability_alternatives_do_not_form_a_false_cycle (tests.test_extension_composition.NormalActivationTests.test_capability_alternatives_do_not_form_a_false_cycle)
A provider may satisfy its own declared capability through another provider. ... ERROR
test_capability_api_spec_is_checked_against_the_provisioned_major (tests.test_extension_composition.NormalActivationTests.test_capability_api_spec_is_checked_against_the_provisioned_major) ... ERROR
test_dependency_cycle_is_deterministic_and_non_fatal (tests.test_extension_composition.NormalActivationTests.test_dependency_cycle_is_deterministic_and_non_fatal) ... ERROR
test_dependency_order_activates_the_provider_first (tests.test_extension_composition.NormalActivationTests.test_dependency_order_activates_the_provider_first) ... ERROR
test_dependent_uses_a_healthy_compatible_provider_when_another_fails (tests.test_extension_composition.NormalActivationTests.test_dependent_uses_a_healthy_compatible_provider_when_another_fails) ... ERROR
test_duplicate_canonical_identity_disables_all_colliding_providers (tests.test_extension_composition.NormalActivationTests.test_duplicate_canonical_identity_disables_all_colliding_providers) ... ERROR
test_entry_point_and_manifest_identity_mismatch_is_disabled (tests.test_extension_composition.NormalActivationTests.test_entry_point_and_manifest_identity_mismatch_is_disabled) ... ERROR
test_failing_provider_degrades_without_breaking_core (tests.test_extension_composition.NormalActivationTests.test_failing_provider_degrades_without_breaking_core) ... ERROR
test_incompatible_spi_specifier_disables_the_provider (tests.test_extension_composition.NormalActivationTests.test_incompatible_spi_specifier_disables_the_provider) ... ERROR
test_missing_capability_requirement_disables_the_dependent (tests.test_extension_composition.NormalActivationTests.test_missing_capability_requirement_disables_the_dependent) ... ERROR
test_multi_provider_order_is_stable_by_provider_id (tests.test_extension_composition.NormalActivationTests.test_multi_provider_order_is_stable_by_provider_id) ... ERROR
test_normal_mode_imports_and_activates (tests.test_extension_composition.NormalActivationTests.test_normal_mode_imports_and_activates) ... ERROR
test_singular_capability_with_several_providers_is_a_problem (tests.test_extension_composition.NormalActivationTests.test_singular_capability_with_several_providers_is_a_problem) ... ERROR
test_staged_registration_is_discarded_when_activation_raises (tests.test_extension_composition.NormalActivationTests.test_staged_registration_is_discarded_when_activation_raises) ... ERROR
test_capabilities_imports_no_provider_by_default (tests.test_extension_composition.PassiveDiagnosticsTests.test_capabilities_imports_no_provider_by_default) ... ERROR
test_capabilities_loads_providers_only_when_asked (tests.test_extension_composition.PassiveDiagnosticsTests.test_capabilities_loads_providers_only_when_asked) ... ERROR
test_doctor_imports_no_provider_and_touches_no_repository (tests.test_extension_composition.PassiveDiagnosticsTests.test_doctor_imports_no_provider_and_touches_no_repository) ... ERROR
test_doctor_reads_packaged_profile_without_configured_source_fallback (tests.test_extension_composition.PassiveDiagnosticsTests.test_doctor_reads_packaged_profile_without_configured_source_fallback) ... ERROR
test_inactive_namespaces_are_diagnosed_without_interpretation (tests.test_extension_composition.PassiveDiagnosticsTests.test_inactive_namespaces_are_diagnosed_without_interpretation) ... ERROR

======================================================================
ERROR: test_core_stays_fully_functional_without_extensions (tests.test_extension_composition.DiscoveryOnlyTests.test_core_stays_fully_functional_without_extensions)
----------------------------------------------------------------------
Traceback (most recent call last):
  File "/home/runner/work/scientific-software-development-protocol/scientific-software-development-protocol/orchestrator/tests/test_extension_composition.py", line 167, in setUp
    self.repo = init_repo(self.root / "repo")
                ^^^^^^^^^^^^^^^^^^^^^^^^^^^^^
  File "/home/runner/work/scientific-software-development-protocol/scientific-software-development-protocol/orchestrator/tests/_support.py", line 75, in init_repo
    subprocess.run(
  File "/opt/hostedtoolcache/Python/3.12.14/x64/lib/python3.12/subprocess.py", line 571, in run
    raise CalledProcessError(retcode, process.args,
subprocess.CalledProcessError: Command '['git', '-C', '/tmp/tmpmy8pzlka/repo', 'commit', '--quiet', '-m', 'initial']' returned non-zero exit status 1.

======================================================================
ERROR: test_discovery_does_not_claim_unobserved_capabilities (tests.test_extension_composition.DiscoveryOnlyTests.test_discovery_does_not_claim_unobserved_capabilities)
----------------------------------------------------------------------
Traceback (most recent call last):
  File "/home/runner/work/scientific-software-development-protocol/scientific-software-development-protocol/orchestrator/tests/test_extension_composition.py", line 167, in setUp
    self.repo = init_repo(self.root / "repo")
                ^^^^^^^^^^^^^^^^^^^^^^^^^^^^^
  File "/home/runner/work/scientific-software-development-protocol/scientific-software-development-protocol/orchestrator/tests/_support.py", line 75, in init_repo
    subprocess.run(
  File "/opt/hostedtoolcache/Python/3.12.14/x64/lib/python3.12/subprocess.py", line 571, in run
    raise CalledProcessError(retcode, process.args,
subprocess.CalledProcessError: Command '['git', '-C', '/tmp/tmp6s2qg2bj/repo', 'commit', '--quiet', '-m', 'initial']' returned non-zero exit status 1.

======================================================================
ERROR: test_discovery_is_the_default_policy (tests.test_extension_composition.DiscoveryOnlyTests.test_discovery_is_the_default_policy)
----------------------------------------------------------------------
Traceback (most recent call last):
  File "/home/runner/work/scientific-software-development-protocol/scientific-software-development-protocol/orchestrator/tests/test_extension_composition.py", line 167, in setUp
    self.repo = init_repo(self.root / "repo")
                ^^^^^^^^^^^^^^^^^^^^^^^^^^^^^
  File "/home/runner/work/scientific-software-development-protocol/scientific-software-development-protocol/orchestrator/tests/_support.py", line 75, in init_repo
    subprocess.run(
  File "/opt/hostedtoolcache/Python/3.12.14/x64/lib/python3.12/subprocess.py", line 571, in run
    raise CalledProcessError(retcode, process.args,
subprocess.CalledProcessError: Command '['git', '-C', '/tmp/tmp0_uhv288/repo', 'commit', '--quiet', '-m', 'initial']' returned non-zero exit status 1.

======================================================================
ERROR: test_discovery_reads_metadata_without_importing_provider_code (tests.test_extension_composition.DiscoveryOnlyTests.test_discovery_reads_metadata_without_importing_provider_code)
----------------------------------------------------------------------
Traceback (most recent call last):
  File "/home/runner/work/scientific-software-development-protocol/scientific-software-development-protocol/orchestrator/tests/test_extension_composition.py", line 167, in setUp
    self.repo = init_repo(self.root / "repo")
                ^^^^^^^^^^^^^^^^^^^^^^^^^^^^^
  File "/home/runner/work/scientific-software-development-protocol/scientific-software-development-protocol/orchestrator/tests/_support.py", line 75, in init_repo
    subprocess.run(
  File "/opt/hostedtoolcache/Python/3.12.14/x64/lib/python3.12/subprocess.py", line 571, in run
    raise CalledProcessError(retcode, process.args,
subprocess.CalledProcessError: Command '['git', '-C', '/tmp/tmpwq155w6f/repo', 'commit', '--quiet', '-m', 'initial']' returned non-zero exit status 1.

======================================================================
ERROR: test_discovery_reports_distribution_metadata (tests.test_extension_composition.DiscoveryOnlyTests.test_discovery_reports_distribution_metadata)
----------------------------------------------------------------------
Traceback (most recent call last):
  File "/home/runner/work/scientific-software-development-protocol/scientific-software-development-protocol/orchestrator/tests/test_extension_composition.py", line 167, in setUp
    self.repo = init_repo(self.root / "repo")
                ^^^^^^^^^^^^^^^^^^^^^^^^^^^^^
  File "/home/runner/work/scientific-software-development-protocol/scientific-software-development-protocol/orchestrator/tests/_support.py", line 75, in init_repo
    subprocess.run(
  File "/opt/hostedtoolcache/Python/3.12.14/x64/lib/python3.12/subprocess.py", line 571, in run
    raise CalledProcessError(retcode, process.args,
subprocess.CalledProcessError: Command '['git', '-C', '/tmp/tmp4qor8d6a/repo', 'commit', '--quiet', '-m', 'initial']' returned non-zero exit status 1.

======================================================================
ERROR: test_metadata_discovery_failure_is_visible (tests.test_extension_composition.DiscoveryOnlyTests.test_metadata_discovery_failure_is_visible)
----------------------------------------------------------------------
Traceback (most recent call last):
  File "/home/runner/work/scientific-software-development-protocol/scientific-software-development-protocol/orchestrator/tests/test_extension_composition.py", line 167, in setUp
    self.repo = init_repo(self.root / "repo")
                ^^^^^^^^^^^^^^^^^^^^^^^^^^^^^
  File "/home/runner/work/scientific-software-development-protocol/scientific-software-development-protocol/orchestrator/tests/_support.py", line 75, in init_repo
    subprocess.run(
  File "/opt/hostedtoolcache/Python/3.12.14/x64/lib/python3.12/subprocess.py", line 571, in run
    raise CalledProcessError(retcode, process.args,
subprocess.CalledProcessError: Command '['git', '-C', '/tmp/tmpsecl84z8/repo', 'commit', '--quiet', '-m', 'initial']' returned non-zero exit status 1.

======================================================================
ERROR: test_extension_context_exposes_no_core_internals (tests.test_extension_composition.ExtensionContextTests.test_extension_context_exposes_no_core_internals)
----------------------------------------------------------------------
Traceback (most recent call last):
  File "/home/runner/work/scientific-software-development-protocol/scientific-software-development-protocol/orchestrator/tests/test_extension_composition.py", line 167, in setUp
    self.repo = init_repo(self.root / "repo")
                ^^^^^^^^^^^^^^^^^^^^^^^^^^^^^
  File "/home/runner/work/scientific-software-development-protocol/scientific-software-development-protocol/orchestrator/tests/_support.py", line 75, in init_repo
    subprocess.run(
  File "/opt/hostedtoolcache/Python/3.12.14/x64/lib/python3.12/subprocess.py", line 571, in run
    raise CalledProcessError(retcode, process.args,
subprocess.CalledProcessError: Command '['git', '-C', '/tmp/tmpt325pv9q/repo', 'commit', '--quiet', '-m', 'initial']' returned non-zero exit status 1.

======================================================================
ERROR: test_extension_receives_only_its_own_configuration_namespace (tests.test_extension_composition.ExtensionContextTests.test_extension_receives_only_its_own_configuration_namespace)
----------------------------------------------------------------------
Traceback (most recent call last):
  File "/home/runner/work/scientific-software-development-protocol/scientific-software-development-protocol/orchestrator/tests/test_extension_composition.py", line 167, in setUp
    self.repo = init_repo(self.root / "repo")
                ^^^^^^^^^^^^^^^^^^^^^^^^^^^^^
  File "/home/runner/work/scientific-software-development-protocol/scientific-software-development-protocol/orchestrator/tests/_support.py", line 75, in init_repo
    subprocess.run(
  File "/opt/hostedtoolcache/Python/3.12.14/x64/lib/python3.12/subprocess.py", line 571, in run
    raise CalledProcessError(retcode, process.args,
subprocess.CalledProcessError: Command '['git', '-C', '/tmp/tmpgfibi0ku/repo', 'commit', '--quiet', '-m', 'initial']' returned non-zero exit status 1.

======================================================================
ERROR: test_prompt_event_reaches_only_an_explicit_subscriber (tests.test_extension_composition.ExtensionContextTests.test_prompt_event_reaches_only_an_explicit_subscriber)
----------------------------------------------------------------------
Traceback (most recent call last):
  File "/home/runner/work/scientific-software-development-protocol/scientific-software-development-protocol/orchestrator/tests/test_extension_composition.py", line 167, in setUp
    self.repo = init_repo(self.root / "repo")
                ^^^^^^^^^^^^^^^^^^^^^^^^^^^^^
  File "/home/runner/work/scientific-software-development-protocol/scientific-software-development-protocol/orchestrator/tests/_support.py", line 75, in init_repo
    subprocess.run(
  File "/opt/hostedtoolcache/Python/3.12.14/x64/lib/python3.12/subprocess.py", line 571, in run
    raise CalledProcessError(retcode, process.args,
subprocess.CalledProcessError: Command '['git', '-C', '/tmp/tmpy7rp49r2/repo', 'commit', '--quiet', '-m', 'initial']' returned non-zero exit status 1.

======================================================================
ERROR: test_absent_capability_request_is_a_structured_problem (tests.test_extension_composition.NormalActivationTests.test_absent_capability_request_is_a_structured_problem)
----------------------------------------------------------------------
Traceback (most recent call last):
  File "/home/runner/work/scientific-software-development-protocol/scientific-software-development-protocol/orchestrator/tests/test_extension_composition.py", line 167, in setUp
    self.repo = init_repo(self.root / "repo")
                ^^^^^^^^^^^^^^^^^^^^^^^^^^^^^
  File "/home/runner/work/scientific-software-development-protocol/scientific-software-development-protocol/orchestrator/tests/_support.py", line 75, in init_repo
    subprocess.run(
  File "/opt/hostedtoolcache/Python/3.12.14/x64/lib/python3.12/subprocess.py", line 571, in run
    raise CalledProcessError(retcode, process.args,
subprocess.CalledProcessError: Command '['git', '-C', '/tmp/tmpxh03p_e5/repo', 'commit', '--quiet', '-m', 'initial']' returned non-zero exit status 1.

======================================================================
ERROR: test_activation_none_is_a_failure_not_an_empty_registration (tests.test_extension_composition.NormalActivationTests.test_activation_none_is_a_failure_not_an_empty_registration)
----------------------------------------------------------------------
Traceback (most recent call last):
  File "/home/runner/work/scientific-software-development-protocol/scientific-software-development-protocol/orchestrator/tests/test_extension_composition.py", line 167, in setUp
    self.repo = init_repo(self.root / "repo")
                ^^^^^^^^^^^^^^^^^^^^^^^^^^^^^
  File "/home/runner/work/scientific-software-development-protocol/scientific-software-development-protocol/orchestrator/tests/_support.py", line 75, in init_repo
    subprocess.run(
  File "/opt/hostedtoolcache/Python/3.12.14/x64/lib/python3.12/subprocess.py", line 571, in run
    raise CalledProcessError(retcode, process.args,
subprocess.CalledProcessError: Command '['git', '-C', '/tmp/tmpzk8uwrfo/repo', 'commit', '--quiet', '-m', 'initial']' returned non-zero exit status 1.

======================================================================
ERROR: test_capability_alternatives_do_not_form_a_false_cycle (tests.test_extension_composition.NormalActivationTests.test_capability_alternatives_do_not_form_a_false_cycle)
A provider may satisfy its own declared capability through another provider.
----------------------------------------------------------------------
Traceback (most recent call last):
  File "/home/runner/work/scientific-software-development-protocol/scientific-software-development-protocol/orchestrator/tests/test_extension_composition.py", line 167, in setUp
    self.repo = init_repo(self.root / "repo")
                ^^^^^^^^^^^^^^^^^^^^^^^^^^^^^
  File "/home/runner/work/scientific-software-development-protocol/scientific-software-development-protocol/orchestrator/tests/_support.py", line 75, in init_repo
    subprocess.run(
  File "/opt/hostedtoolcache/Python/3.12.14/x64/lib/python3.12/subprocess.py", line 571, in run
    raise CalledProcessError(retcode, process.args,
subprocess.CalledProcessError: Command '['git', '-C', '/tmp/tmpkl290tfn/repo', 'commit', '--quiet', '-m', 'initial']' returned non-zero exit status 1.

======================================================================
ERROR: test_capability_api_spec_is_checked_against_the_provisioned_major (tests.test_extension_composition.NormalActivationTests.test_capability_api_spec_is_checked_against_the_provisioned_major)
----------------------------------------------------------------------
Traceback (most recent call last):
  File "/home/runner/work/scientific-software-development-protocol/scientific-software-development-protocol/orchestrator/tests/test_extension_composition.py", line 167, in setUp
    self.repo = init_repo(self.root / "repo")
                ^^^^^^^^^^^^^^^^^^^^^^^^^^^^^
  File "/home/runner/work/scientific-software-development-protocol/scientific-software-development-protocol/orchestrator/tests/_support.py", line 69, in init_repo
    git(root, "add", "README.md")
  File "/home/runner/work/scientific-software-development-protocol/scientific-software-development-protocol/orchestrator/tests/_support.py", line 33, in git
    result = subprocess.run(
             ^^^^^^^^^^^^^^^
  File "/opt/hostedtoolcache/Python/3.12.14/x64/lib/python3.12/subprocess.py", line 571, in run
    raise CalledProcessError(retcode, process.args,
subprocess.CalledProcessError: Command '['git', '-C', '/tmp/tmpo16c34lu/repo', 'add', 'README.md']' returned non-zero exit status 128.

======================================================================
ERROR: test_dependency_cycle_is_deterministic_and_non_fatal (tests.test_extension_composition.NormalActivationTests.test_dependency_cycle_is_deterministic_and_non_fatal)
----------------------------------------------------------------------
Traceback (most recent call last):
  File "/home/runner/work/scientific-software-development-protocol/scientific-software-development-protocol/orchestrator/tests/test_extension_composition.py", line 167, in setUp
    self.repo = init_repo(self.root / "repo")
                ^^^^^^^^^^^^^^^^^^^^^^^^^^^^^
  File "/home/runner/work/scientific-software-development-protocol/scientific-software-development-protocol/orchestrator/tests/_support.py", line 75, in init_repo
    subprocess.run(
  File "/opt/hostedtoolcache/Python/3.12.14/x64/lib/python3.12/subprocess.py", line 571, in run
    raise CalledProcessError(retcode, process.args,
subprocess.CalledProcessError: Command '['git', '-C', '/tmp/tmp95a8xh00/repo', 'commit', '--quiet', '-m', 'initial']' returned non-zero exit status 1.

======================================================================
ERROR: test_dependency_order_activates_the_provider_first (tests.test_extension_composition.NormalActivationTests.test_dependency_order_activates_the_provider_first)
----------------------------------------------------------------------
Traceback (most recent call last):
  File "/home/runner/work/scientific-software-development-protocol/scientific-software-development-protocol/orchestrator/tests/test_extension_composition.py", line 167, in setUp
    self.repo = init_repo(self.root / "repo")
                ^^^^^^^^^^^^^^^^^^^^^^^^^^^^^
  File "/home/runner/work/scientific-software-development-protocol/scientific-software-development-protocol/orchestrator/tests/_support.py", line 75, in init_repo
    subprocess.run(
  File "/opt/hostedtoolcache/Python/3.12.14/x64/lib/python3.12/subprocess.py", line 571, in run
    raise CalledProcessError(retcode, process.args,
subprocess.CalledProcessError: Command '['git', '-C', '/tmp/tmppd220s9h/repo', 'commit', '--quiet', '-m', 'initial']' returned non-zero exit status 1.

======================================================================
ERROR: test_dependent_uses_a_healthy_compatible_provider_when_another_fails (tests.test_extension_composition.NormalActivationTests.test_dependent_uses_a_healthy_compatible_provider_when_another_fails)
----------------------------------------------------------------------
Traceback (most recent call last):
  File "/home/runner/work/scientific-software-development-protocol/scientific-software-development-protocol/orchestrator/tests/test_extension_composition.py", line 167, in setUp
    self.repo = init_repo(self.root / "repo")
                ^^^^^^^^^^^^^^^^^^^^^^^^^^^^^
  File "/home/runner/work/scientific-software-development-protocol/scientific-software-development-protocol/orchestrator/tests/_support.py", line 75, in init_repo
    subprocess.run(
  File "/opt/hostedtoolcache/Python/3.12.14/x64/lib/python3.12/subprocess.py", line 571, in run
    raise CalledProcessError(retcode, process.args,
subprocess.CalledProcessError: Command '['git', '-C', '/tmp/tmpfycd2dcn/repo', 'commit', '--quiet', '-m', 'initial']' returned non-zero exit status 1.

======================================================================
ERROR: test_duplicate_canonical_identity_disables_all_colliding_providers (tests.test_extension_composition.NormalActivationTests.test_duplicate_canonical_identity_disables_all_colliding_providers)
----------------------------------------------------------------------
Traceback (most recent call last):
  File "/home/runner/work/scientific-software-development-protocol/scientific-software-development-protocol/orchestrator/tests/test_extension_composition.py", line 167, in setUp
    self.repo = init_repo(self.root / "repo")
                ^^^^^^^^^^^^^^^^^^^^^^^^^^^^^
  File "/home/runner/work/scientific-software-development-protocol/scientific-software-development-protocol/orchestrator/tests/_support.py", line 75, in init_repo
    subprocess.run(
  File "/opt/hostedtoolcache/Python/3.12.14/x64/lib/python3.12/subprocess.py", line 571, in run
    raise CalledProcessError(retcode, process.args,
subprocess.CalledProcessError: Command '['git', '-C', '/tmp/tmp9ovj60ct/repo', 'commit', '--quiet', '-m', 'initial']' returned non-zero exit status 1.

======================================================================
ERROR: test_entry_point_and_manifest_identity_mismatch_is_disabled (tests.test_extension_composition.NormalActivationTests.test_entry_point_and_manifest_identity_mismatch_is_disabled)
----------------------------------------------------------------------
Traceback (most recent call last):
  File "/home/runner/work/scientific-software-development-protocol/scientific-software-development-protocol/orchestrator/tests/test_extension_composition.py", line 167, in setUp
    self.repo = init_repo(self.root / "repo")
                ^^^^^^^^^^^^^^^^^^^^^^^^^^^^^
  File "/home/runner/work/scientific-software-development-protocol/scientific-software-development-protocol/orchestrator/tests/_support.py", line 75, in init_repo
    subprocess.run(
  File "/opt/hostedtoolcache/Python/3.12.14/x64/lib/python3.12/subprocess.py", line 571, in run
    raise CalledProcessError(retcode, process.args,
subprocess.CalledProcessError: Command '['git', '-C', '/tmp/tmpoecrrwl7/repo', 'commit', '--quiet', '-m', 'initial']' returned non-zero exit status 1.

======================================================================
ERROR: test_failing_provider_degrades_without_breaking_core (tests.test_extension_composition.NormalActivationTests.test_failing_provider_degrades_without_breaking_core)
----------------------------------------------------------------------
Traceback (most recent call last):
  File "/home/runner/work/scientific-software-development-protocol/scientific-software-development-protocol/orchestrator/tests/test_extension_composition.py", line 167, in setUp
    self.repo = init_repo(self.root / "repo")
                ^^^^^^^^^^^^^^^^^^^^^^^^^^^^^
  File "/home/runner/work/scientific-software-development-protocol/scientific-software-development-protocol/orchestrator/tests/_support.py", line 75, in init_repo
    subprocess.run(
  File "/opt/hostedtoolcache/Python/3.12.14/x64/lib/python3.12/subprocess.py", line 571, in run
    raise CalledProcessError(retcode, process.args,
subprocess.CalledProcessError: Command '['git', '-C', '/tmp/tmpuhy5oh98/repo', 'commit', '--quiet', '-m', 'initial']' returned non-zero exit status 1.

======================================================================
ERROR: test_incompatible_spi_specifier_disables_the_provider (tests.test_extension_composition.NormalActivationTests.test_incompatible_spi_specifier_disables_the_provider)
----------------------------------------------------------------------
Traceback (most recent call last):
  File "/home/runner/work/scientific-software-development-protocol/scientific-software-development-protocol/orchestrator/tests/test_extension_composition.py", line 167, in setUp
    self.repo = init_repo(self.root / "repo")
                ^^^^^^^^^^^^^^^^^^^^^^^^^^^^^
  File "/home/runner/work/scientific-software-development-protocol/scientific-software-development-protocol/orchestrator/tests/_support.py", line 75, in init_repo
    subprocess.run(
  File "/opt/hostedtoolcache/Python/3.12.14/x64/lib/python3.12/subprocess.py", line 571, in run
    raise CalledProcessError(retcode, process.args,
subprocess.CalledProcessError: Command '['git', '-C', '/tmp/tmpe3is23hv/repo', 'commit', '--quiet', '-m', 'initial']' returned non-zero exit status 1.

======================================================================
ERROR: test_missing_capability_requirement_disables_the_dependent (tests.test_extension_composition.NormalActivationTests.test_missing_capability_requirement_disables_the_dependent)
----------------------------------------------------------------------
Traceback (most recent call last):
  File "/home/runner/work/scientific-software-development-protocol/scientific-software-development-protocol/orchestrator/tests/test_extension_composition.py", line 167, in setUp
    self.repo = init_repo(self.root / "repo")
                ^^^^^^^^^^^^^^^^^^^^^^^^^^^^^
  File "/home/runner/work/scientific-software-development-protocol/scientific-software-development-protocol/orchestrator/tests/_support.py", line 75, in init_repo
    subprocess.run(
  File "/opt/hostedtoolcache/Python/3.12.14/x64/lib/python3.12/subprocess.py", line 571, in run
    raise CalledProcessError(retcode, process.args,
subprocess.CalledProcessError: Command '['git', '-C', '/tmp/tmp3rzsifqh/repo', 'commit', '--quiet', '-m', 'initial']' returned non-zero exit status 1.

======================================================================
ERROR: test_multi_provider_order_is_stable_by_provider_id (tests.test_extension_composition.NormalActivationTests.test_multi_provider_order_is_stable_by_provider_id)
----------------------------------------------------------------------
Traceback (most recent call last):
  File "/home/runner/work/scientific-software-development-protocol/scientific-software-development-protocol/orchestrator/tests/test_extension_composition.py", line 167, in setUp
    self.repo = init_repo(self.root / "repo")
                ^^^^^^^^^^^^^^^^^^^^^^^^^^^^^
  File "/home/runner/work/scientific-software-development-protocol/scientific-software-development-protocol/orchestrator/tests/_support.py", line 75, in init_repo
    subprocess.run(
  File "/opt/hostedtoolcache/Python/3.12.14/x64/lib/python3.12/subprocess.py", line 571, in run
    raise CalledProcessError(retcode, process.args,
subprocess.CalledProcessError: Command '['git', '-C', '/tmp/tmpjwp1ob49/repo', 'commit', '--quiet', '-m', 'initial']' returned non-zero exit status 128.

======================================================================
ERROR: test_normal_mode_imports_and_activates (tests.test_extension_composition.NormalActivationTests.test_normal_mode_imports_and_activates)
----------------------------------------------------------------------
Traceback (most recent call last):
  File "/home/runner/work/scientific-software-development-protocol/scientific-software-development-protocol/orchestrator/tests/test_extension_composition.py", line 167, in setUp
    self.repo = init_repo(self.root / "repo")
                ^^^^^^^^^^^^^^^^^^^^^^^^^^^^^
  File "/home/runner/work/scientific-software-development-protocol/scientific-software-development-protocol/orchestrator/tests/_support.py", line 69, in init_repo
    git(root, "add", "README.md")
  File "/home/runner/work/scientific-software-development-protocol/scientific-software-development-protocol/orchestrator/tests/_support.py", line 33, in git
    result = subprocess.run(
             ^^^^^^^^^^^^^^^
  File "/opt/hostedtoolcache/Python/3.12.14/x64/lib/python3.12/subprocess.py", line 571, in run
    raise CalledProcessError(retcode, process.args,
subprocess.CalledProcessError: Command '['git', '-C', '/tmp/tmpdi95v0mo/repo', 'add', 'README.md']' returned non-zero exit status 128.

======================================================================
ERROR: test_singular_capability_with_several_providers_is_a_problem (tests.test_extension_composition.NormalActivationTests.test_singular_capability_with_several_providers_is_a_problem)
----------------------------------------------------------------------
Traceback (most recent call last):
  File "/home/runner/work/scientific-software-development-protocol/scientific-software-development-protocol/orchestrator/tests/test_extension_composition.py", line 167, in setUp
    self.repo = init_repo(self.root / "repo")
                ^^^^^^^^^^^^^^^^^^^^^^^^^^^^^
  File "/home/runner/work/scientific-software-development-protocol/scientific-software-development-protocol/orchestrator/tests/_support.py", line 75, in init_repo
    subprocess.run(
  File "/opt/hostedtoolcache/Python/3.12.14/x64/lib/python3.12/subprocess.py", line 571, in run
    raise CalledProcessError(retcode, process.args,
subprocess.CalledProcessError: Command '['git', '-C', '/tmp/tmpjibebcdy/repo', 'commit', '--quiet', '-m', 'initial']' returned non-zero exit status 1.

======================================================================
ERROR: test_staged_registration_is_discarded_when_activation_raises (tests.test_extension_composition.NormalActivationTests.test_staged_registration_is_discarded_when_activation_raises)
----------------------------------------------------------------------
Traceback (most recent call last):
  File "/home/runner/work/scientific-software-development-protocol/scientific-software-development-protocol/orchestrator/tests/test_extension_composition.py", line 167, in setUp
    self.repo = init_repo(self.root / "repo")
                ^^^^^^^^^^^^^^^^^^^^^^^^^^^^^
  File "/home/runner/work/scientific-software-development-protocol/scientific-software-development-protocol/orchestrator/tests/_support.py", line 75, in init_repo
    subprocess.run(
  File "/opt/hostedtoolcache/Python/3.12.14/x64/lib/python3.12/subprocess.py", line 571, in run
    raise CalledProcessError(retcode, process.args,
subprocess.CalledProcessError: Command '['git', '-C', '/tmp/tmpfsya0o9f/repo', 'commit', '--quiet', '-m', 'initial']' returned non-zero exit status 1.

======================================================================
ERROR: test_capabilities_imports_no_provider_by_default (tests.test_extension_composition.PassiveDiagnosticsTests.test_capabilities_imports_no_provider_by_default)
----------------------------------------------------------------------
Traceback (most recent call last):
  File "/home/runner/work/scientific-software-development-protocol/scientific-software-development-protocol/orchestrator/tests/test_extension_composition.py", line 565, in setUp
    super().setUp()
  File "/home/runner/work/scientific-software-development-protocol/scientific-software-development-protocol/orchestrator/tests/test_extension_composition.py", line 167, in setUp
    self.repo = init_repo(self.root / "repo")
                ^^^^^^^^^^^^^^^^^^^^^^^^^^^^^
  File "/home/runner/work/scientific-software-development-protocol/scientific-software-development-protocol/orchestrator/tests/_support.py", line 75, in init_repo
    subprocess.run(
  File "/opt/hostedtoolcache/Python/3.12.14/x64/lib/python3.12/subprocess.py", line 571, in run
    raise CalledProcessError(retcode, process.args,
subprocess.CalledProcessError: Command '['git', '-C', '/tmp/tmpthz17u84/repo', 'commit', '--quiet', '-m', 'initial']' returned non-zero exit status 1.

======================================================================
ERROR: test_capabilities_loads_providers_only_when_asked (tests.test_extension_composition.PassiveDiagnosticsTests.test_capabilities_loads_providers_only_when_asked)
----------------------------------------------------------------------
Traceback (most recent call last):
  File "/home/runner/work/scientific-software-development-protocol/scientific-software-development-protocol/orchestrator/tests/test_extension_composition.py", line 565, in setUp
    super().setUp()
  File "/home/runner/work/scientific-software-development-protocol/scientific-software-development-protocol/orchestrator/tests/test_extension_composition.py", line 167, in setUp
    self.repo = init_repo(self.root / "repo")
                ^^^^^^^^^^^^^^^^^^^^^^^^^^^^^
  File "/home/runner/work/scientific-software-development-protocol/scientific-software-development-protocol/orchestrator/tests/_support.py", line 75, in init_repo
    subprocess.run(
  File "/opt/hostedtoolcache/Python/3.12.14/x64/lib/python3.12/subprocess.py", line 571, in run
    raise CalledProcessError(retcode, process.args,
subprocess.CalledProcessError: Command '['git', '-C', '/tmp/tmp8wjstqgs/repo', 'commit', '--quiet', '-m', 'initial']' returned non-zero exit status 1.

======================================================================
ERROR: test_doctor_imports_no_provider_and_touches_no_repository (tests.test_extension_composition.PassiveDiagnosticsTests.test_doctor_imports_no_provider_and_touches_no_repository)
----------------------------------------------------------------------
Traceback (most recent call last):
  File "/home/runner/work/scientific-software-development-protocol/scientific-software-development-protocol/orchestrator/tests/test_extension_composition.py", line 565, in setUp
    super().setUp()
  File "/home/runner/work/scientific-software-development-protocol/scientific-software-development-protocol/orchestrator/tests/test_extension_composition.py", line 167, in setUp
    self.repo = init_repo(self.root / "repo")
                ^^^^^^^^^^^^^^^^^^^^^^^^^^^^^
  File "/home/runner/work/scientific-software-development-protocol/scientific-software-development-protocol/orchestrator/tests/_support.py", line 75, in init_repo
    subprocess.run(
  File "/opt/hostedtoolcache/Python/3.12.14/x64/lib/python3.12/subprocess.py", line 571, in run
    raise CalledProcessError(retcode, process.args,
subprocess.CalledProcessError: Command '['git', '-C', '/tmp/tmp4o943uy2/repo', 'commit', '--quiet', '-m', 'initial']' returned non-zero exit status 1.

======================================================================
ERROR: test_doctor_reads_packaged_profile_without_configured_source_fallback (tests.test_extension_composition.PassiveDiagnosticsTests.test_doctor_reads_packaged_profile_without_configured_source_fallback)
----------------------------------------------------------------------
Traceback (most recent call last):
  File "/home/runner/work/scientific-software-development-protocol/scientific-software-development-protocol/orchestrator/tests/test_extension_composition.py", line 565, in setUp
    super().setUp()
  File "/home/runner/work/scientific-software-development-protocol/scientific-software-development-protocol/orchestrator/tests/test_extension_composition.py", line 167, in setUp
    self.repo = init_repo(self.root / "repo")
                ^^^^^^^^^^^^^^^^^^^^^^^^^^^^^
  File "/home/runner/work/scientific-software-development-protocol/scientific-software-development-protocol/orchestrator/tests/_support.py", line 69, in init_repo
    git(root, "add", "README.md")
  File "/home/runner/work/scientific-software-development-protocol/scientific-software-development-protocol/orchestrator/tests/_support.py", line 33, in git
    result = subprocess.run(
             ^^^^^^^^^^^^^^^
  File "/opt/hostedtoolcache/Python/3.12.14/x64/lib/python3.12/subprocess.py", line 571, in run
    raise CalledProcessError(retcode, process.args,
subprocess.CalledProcessError: Command '['git', '-C', '/tmp/tmpoav4b8t3/repo', 'add', 'README.md']' returned non-zero exit status 128.

======================================================================
ERROR: test_inactive_namespaces_are_diagnosed_without_interpretation (tests.test_extension_composition.PassiveDiagnosticsTests.test_inactive_namespaces_are_diagnosed_without_interpretation)
----------------------------------------------------------------------
Traceback (most recent call last):
  File "/home/runner/work/scientific-software-development-protocol/scientific-software-development-protocol/orchestrator/tests/test_extension_composition.py", line 565, in setUp
    super().setUp()
  File "/home/runner/work/scientific-software-development-protocol/scientific-software-development-protocol/orchestrator/tests/test_extension_composition.py", line 167, in setUp
    self.repo = init_repo(self.root / "repo")
                ^^^^^^^^^^^^^^^^^^^^^^^^^^^^^
  File "/home/runner/work/scientific-software-development-protocol/scientific-software-development-protocol/orchestrator/tests/_support.py", line 75, in init_repo
    subprocess.run(
  File "/opt/hostedtoolcache/Python/3.12.14/x64/lib/python3.12/subprocess.py", line 571, in run
    raise CalledProcessError(retcode, process.args,
subprocess.CalledProcessError: Command '['git', '-C', '/tmp/tmp4r87uc64/repo', 'commit', '--quiet', '-m', 'initial']' returned non-zero exit status 1.

----------------------------------------------------------------------
Ran 30 tests in 0.921s

FAILED (errors=30)


======================================================================
tests.test_git_observation
======================================================================
test_ambiguous_remote_is_a_diagnostic_not_a_hard_failure (tests.test_git_observation.CandidateObservationTests.test_ambiguous_remote_is_a_diagnostic_not_a_hard_failure) ... ERROR
test_branch_and_head_are_reported (tests.test_git_observation.CandidateObservationTests.test_branch_and_head_are_reported) ... ERROR
test_cached_remote_reads_existing_tracking_refs (tests.test_git_observation.CandidateObservationTests.test_cached_remote_reads_existing_tracking_refs) ... ERROR
test_detached_head_is_reported (tests.test_git_observation.CandidateObservationTests.test_detached_head_is_reported) ... ERROR
test_dirty_content_marks_the_candidate (tests.test_git_observation.CandidateObservationTests.test_dirty_content_marks_the_candidate) ... ERROR
test_local_only_gathers_no_remote_evidence (tests.test_git_observation.CandidateObservationTests.test_local_only_gathers_no_remote_evidence) ... ERROR
test_missing_upstream_is_diagnosed_not_invented (tests.test_git_observation.CandidateObservationTests.test_missing_upstream_is_diagnosed_not_invented) ... ERROR
test_refresh_remote_queries_without_mutating_tracking_refs (tests.test_git_observation.CandidateObservationTests.test_refresh_remote_queries_without_mutating_tracking_refs) ... ERROR
test_cached_remote_observation_mutates_nothing (tests.test_git_observation.NonMutationTests.test_cached_remote_observation_mutates_nothing) ... ERROR
test_head_and_branch_survive_observation (tests.test_git_observation.NonMutationTests.test_head_and_branch_survive_observation) ... ERROR
test_local_only_observation_mutates_nothing (tests.test_git_observation.NonMutationTests.test_local_only_observation_mutates_nothing) ... ERROR
test_refresh_remote_observation_mutates_nothing (tests.test_git_observation.NonMutationTests.test_refresh_remote_observation_mutates_nothing) ... ERROR
test_branch_upstream_remote_precedes_origin (tests.test_git_observation.RemoteSelectionTests.test_branch_upstream_remote_precedes_origin) ... ERROR
test_configured_remote_name_wins (tests.test_git_observation.RemoteSelectionTests.test_configured_remote_name_wins) ... ERROR
test_credential_userinfo_is_stripped (tests.test_git_observation.RemoteSelectionTests.test_credential_userinfo_is_stripped) ... ERROR
test_file_url_remote_is_local_only (tests.test_git_observation.RemoteSelectionTests.test_file_url_remote_is_local_only) ... ERROR
test_filesystem_path_remote_is_local_only (tests.test_git_observation.RemoteSelectionTests.test_filesystem_path_remote_is_local_only) ... ERROR
test_multiple_remotes_without_evidence_are_ambiguous (tests.test_git_observation.RemoteSelectionTests.test_multiple_remotes_without_evidence_are_ambiguous) ... ERROR
test_no_remote_is_reported_as_unavailable (tests.test_git_observation.RemoteSelectionTests.test_no_remote_is_reported_as_unavailable) ... ERROR
test_origin_precedes_other_remotes (tests.test_git_observation.RemoteSelectionTests.test_origin_precedes_other_remotes) ... ERROR
test_remote_listing_is_complete (tests.test_git_observation.RemoteSelectionTests.test_remote_listing_is_complete) ... ERROR
test_scp_style_ssh_remote_is_web_addressable (tests.test_git_observation.RemoteSelectionTests.test_scp_style_ssh_remote_is_web_addressable) ... ERROR
test_sole_remote_is_selected (tests.test_git_observation.RemoteSelectionTests.test_sole_remote_is_selected) ... ERROR
test_unknown_configured_remote_fails (tests.test_git_observation.RemoteSelectionTests.test_unknown_configured_remote_fails) ... ERROR
test_aggregate_dirty_content_budget_marks_identity_incomplete (tests.test_git_observation.WorkingTreeIdentityTests.test_aggregate_dirty_content_budget_marks_identity_incomplete) ... ERROR
test_clean_tree_has_no_digest (tests.test_git_observation.WorkingTreeIdentityTests.test_clean_tree_has_no_digest) ... ERROR
test_dirty_content_changes_the_digest_at_the_same_path (tests.test_git_observation.WorkingTreeIdentityTests.test_dirty_content_changes_the_digest_at_the_same_path) ... ERROR
test_embedded_repository_directory_marks_identity_incomplete (tests.test_git_observation.WorkingTreeIdentityTests.test_embedded_repository_directory_marks_identity_incomplete)
Git reports an embedded repository as one directory entry. ... ERROR
test_identical_dirty_content_is_stable (tests.test_git_observation.WorkingTreeIdentityTests.test_identical_dirty_content_is_stable) ... ERROR
test_mode_only_staged_changes_participate (tests.test_git_observation.WorkingTreeIdentityTests.test_mode_only_staged_changes_participate) ... ERROR
test_non_utf8_dirty_path_is_structured_without_encoding_failure (tests.test_git_observation.WorkingTreeIdentityTests.test_non_utf8_dirty_path_is_structured_without_encoding_failure) ... ERROR
test_scheme_is_versioned (tests.test_git_observation.WorkingTreeIdentityTests.test_scheme_is_versioned) ... ERROR
test_staged_and_untracked_content_both_participate (tests.test_git_observation.WorkingTreeIdentityTests.test_staged_and_untracked_content_both_participate) ... ERROR
test_staged_blob_changes_participate_when_worktree_bytes_do_not (tests.test_git_observation.WorkingTreeIdentityTests.test_staged_blob_changes_participate_when_worktree_bytes_do_not) ... ERROR
test_unreadable_file_marks_identity_incomplete (tests.test_git_observation.WorkingTreeIdentityTests.test_unreadable_file_marks_identity_incomplete) ... ERROR
test_alias_paths_map_to_one_worktree_key (tests.test_git_observation.WorktreeIdentityTests.test_alias_paths_map_to_one_worktree_key) ... ERROR
test_ambient_git_semantic_overrides_do_not_redirect_observation (tests.test_git_observation.WorktreeIdentityTests.test_ambient_git_semantic_overrides_do_not_redirect_observation) ... ERROR
test_git_executable_override_is_not_executed_by_remote_query (tests.test_git_observation.WorktreeIdentityTests.test_git_executable_override_is_not_executed_by_remote_query)
Exercise the real refresh path while an ambient helper is armed. ... ERROR
test_git_executable_overrides_are_not_inherited (tests.test_git_observation.WorktreeIdentityTests.test_git_executable_overrides_are_not_inherited) ... ERROR
test_key_does_not_expose_the_local_path (tests.test_git_observation.WorktreeIdentityTests.test_key_does_not_expose_the_local_path) ... ERROR
test_linked_worktree_is_a_distinct_key_sharing_the_repository (tests.test_git_observation.WorktreeIdentityTests.test_linked_worktree_is_a_distinct_key_sharing_the_repository) ... ERROR
test_non_repository_path_is_rejected (tests.test_git_observation.WorktreeIdentityTests.test_non_repository_path_is_rejected) ... ERROR
test_subdirectory_resolves_to_the_worktree_root (tests.test_git_observation.WorktreeIdentityTests.test_subdirectory_resolves_to_the_worktree_root) ... ERROR
test_subprocess_stdout_and_stderr_are_bounded_during_collection (tests.test_git_observation.WorktreeIdentityTests.test_subprocess_stdout_and_stderr_are_bounded_during_collection) ... ERROR

======================================================================
ERROR: test_ambiguous_remote_is_a_diagnostic_not_a_hard_failure (tests.test_git_observation.CandidateObservationTests.test_ambiguous_remote_is_a_diagnostic_not_a_hard_failure)
----------------------------------------------------------------------
Traceback (most recent call last):
  File "/home/runner/work/scientific-software-development-protocol/scientific-software-development-protocol/orchestrator/tests/test_git_observation.py", line 58, in setUp
    self.repo = init_repo(self.root / "repo")
                ^^^^^^^^^^^^^^^^^^^^^^^^^^^^^
  File "/home/runner/work/scientific-software-development-protocol/scientific-software-development-protocol/orchestrator/tests/_support.py", line 75, in init_repo
    subprocess.run(
  File "/opt/hostedtoolcache/Python/3.12.14/x64/lib/python3.12/subprocess.py", line 571, in run
    raise CalledProcessError(retcode, process.args,
subprocess.CalledProcessError: Command '['git', '-C', '/tmp/tmpm780cbkl/repo', 'commit', '--quiet', '-m', 'initial']' returned non-zero exit status 1.

======================================================================
ERROR: test_branch_and_head_are_reported (tests.test_git_observation.CandidateObservationTests.test_branch_and_head_are_reported)
----------------------------------------------------------------------
Traceback (most recent call last):
  File "/home/runner/work/scientific-software-development-protocol/scientific-software-development-protocol/orchestrator/tests/test_git_observation.py", line 58, in setUp
    self.repo = init_repo(self.root / "repo")
                ^^^^^^^^^^^^^^^^^^^^^^^^^^^^^
  File "/home/runner/work/scientific-software-development-protocol/scientific-software-development-protocol/orchestrator/tests/_support.py", line 75, in init_repo
    subprocess.run(
  File "/opt/hostedtoolcache/Python/3.12.14/x64/lib/python3.12/subprocess.py", line 571, in run
    raise CalledProcessError(retcode, process.args,
subprocess.CalledProcessError: Command '['git', '-C', '/tmp/tmpze17oo_f/repo', 'commit', '--quiet', '-m', 'initial']' returned non-zero exit status 1.

======================================================================
ERROR: test_cached_remote_reads_existing_tracking_refs (tests.test_git_observation.CandidateObservationTests.test_cached_remote_reads_existing_tracking_refs)
----------------------------------------------------------------------
Traceback (most recent call last):
  File "/home/runner/work/scientific-software-development-protocol/scientific-software-development-protocol/orchestrator/tests/test_git_observation.py", line 58, in setUp
    self.repo = init_repo(self.root / "repo")
                ^^^^^^^^^^^^^^^^^^^^^^^^^^^^^
  File "/home/runner/work/scientific-software-development-protocol/scientific-software-development-protocol/orchestrator/tests/_support.py", line 75, in init_repo
    subprocess.run(
  File "/opt/hostedtoolcache/Python/3.12.14/x64/lib/python3.12/subprocess.py", line 571, in run
    raise CalledProcessError(retcode, process.args,
subprocess.CalledProcessError: Command '['git', '-C', '/tmp/tmphuoemu9h/repo', 'commit', '--quiet', '-m', 'initial']' returned non-zero exit status 1.

======================================================================
ERROR: test_detached_head_is_reported (tests.test_git_observation.CandidateObservationTests.test_detached_head_is_reported)
----------------------------------------------------------------------
Traceback (most recent call last):
  File "/home/runner/work/scientific-software-development-protocol/scientific-software-development-protocol/orchestrator/tests/test_git_observation.py", line 58, in setUp
    self.repo = init_repo(self.root / "repo")
                ^^^^^^^^^^^^^^^^^^^^^^^^^^^^^
  File "/home/runner/work/scientific-software-development-protocol/scientific-software-development-protocol/orchestrator/tests/_support.py", line 75, in init_repo
    subprocess.run(
  File "/opt/hostedtoolcache/Python/3.12.14/x64/lib/python3.12/subprocess.py", line 571, in run
    raise CalledProcessError(retcode, process.args,
subprocess.CalledProcessError: Command '['git', '-C', '/tmp/tmp8_p8nyxl/repo', 'commit', '--quiet', '-m', 'initial']' returned non-zero exit status 1.

======================================================================
ERROR: test_dirty_content_marks_the_candidate (tests.test_git_observation.CandidateObservationTests.test_dirty_content_marks_the_candidate)
----------------------------------------------------------------------
Traceback (most recent call last):
  File "/home/runner/work/scientific-software-development-protocol/scientific-software-development-protocol/orchestrator/tests/test_git_observation.py", line 58, in setUp
    self.repo = init_repo(self.root / "repo")
                ^^^^^^^^^^^^^^^^^^^^^^^^^^^^^
  File "/home/runner/work/scientific-software-development-protocol/scientific-software-development-protocol/orchestrator/tests/_support.py", line 75, in init_repo
    subprocess.run(
  File "/opt/hostedtoolcache/Python/3.12.14/x64/lib/python3.12/subprocess.py", line 571, in run
    raise CalledProcessError(retcode, process.args,
subprocess.CalledProcessError: Command '['git', '-C', '/tmp/tmpijsjhfsp/repo', 'commit', '--quiet', '-m', 'initial']' returned non-zero exit status 1.

======================================================================
ERROR: test_local_only_gathers_no_remote_evidence (tests.test_git_observation.CandidateObservationTests.test_local_only_gathers_no_remote_evidence)
----------------------------------------------------------------------
Traceback (most recent call last):
  File "/home/runner/work/scientific-software-development-protocol/scientific-software-development-protocol/orchestrator/tests/test_git_observation.py", line 58, in setUp
    self.repo = init_repo(self.root / "repo")
                ^^^^^^^^^^^^^^^^^^^^^^^^^^^^^
  File "/home/runner/work/scientific-software-development-protocol/scientific-software-development-protocol/orchestrator/tests/_support.py", line 75, in init_repo
    subprocess.run(
  File "/opt/hostedtoolcache/Python/3.12.14/x64/lib/python3.12/subprocess.py", line 571, in run
    raise CalledProcessError(retcode, process.args,
subprocess.CalledProcessError: Command '['git', '-C', '/tmp/tmp5erb9_0u/repo', 'commit', '--quiet', '-m', 'initial']' returned non-zero exit status 1.

======================================================================
ERROR: test_missing_upstream_is_diagnosed_not_invented (tests.test_git_observation.CandidateObservationTests.test_missing_upstream_is_diagnosed_not_invented)
----------------------------------------------------------------------
Traceback (most recent call last):
  File "/home/runner/work/scientific-software-development-protocol/scientific-software-development-protocol/orchestrator/tests/test_git_observation.py", line 58, in setUp
    self.repo = init_repo(self.root / "repo")
                ^^^^^^^^^^^^^^^^^^^^^^^^^^^^^
  File "/home/runner/work/scientific-software-development-protocol/scientific-software-development-protocol/orchestrator/tests/_support.py", line 69, in init_repo
    git(root, "add", "README.md")
  File "/home/runner/work/scientific-software-development-protocol/scientific-software-development-protocol/orchestrator/tests/_support.py", line 33, in git
    result = subprocess.run(
             ^^^^^^^^^^^^^^^
  File "/opt/hostedtoolcache/Python/3.12.14/x64/lib/python3.12/subprocess.py", line 571, in run
    raise CalledProcessError(retcode, process.args,
subprocess.CalledProcessError: Command '['git', '-C', '/tmp/tmpu7y625ea/repo', 'add', 'README.md']' returned non-zero exit status 128.

======================================================================
ERROR: test_refresh_remote_queries_without_mutating_tracking_refs (tests.test_git_observation.CandidateObservationTests.test_refresh_remote_queries_without_mutating_tracking_refs)
----------------------------------------------------------------------
Traceback (most recent call last):
  File "/home/runner/work/scientific-software-development-protocol/scientific-software-development-protocol/orchestrator/tests/test_git_observation.py", line 58, in setUp
    self.repo = init_repo(self.root / "repo")
                ^^^^^^^^^^^^^^^^^^^^^^^^^^^^^
  File "/home/runner/work/scientific-software-development-protocol/scientific-software-development-protocol/orchestrator/tests/_support.py", line 75, in init_repo
    subprocess.run(
  File "/opt/hostedtoolcache/Python/3.12.14/x64/lib/python3.12/subprocess.py", line 571, in run
    raise CalledProcessError(retcode, process.args,
subprocess.CalledProcessError: Command '['git', '-C', '/tmp/tmpbtkcze20/repo', 'commit', '--quiet', '-m', 'initial']' returned non-zero exit status 1.

======================================================================
ERROR: test_cached_remote_observation_mutates_nothing (tests.test_git_observation.NonMutationTests.test_cached_remote_observation_mutates_nothing)
----------------------------------------------------------------------
Traceback (most recent call last):
  File "/home/runner/work/scientific-software-development-protocol/scientific-software-development-protocol/orchestrator/tests/test_git_observation.py", line 58, in setUp
    self.repo = init_repo(self.root / "repo")
                ^^^^^^^^^^^^^^^^^^^^^^^^^^^^^
  File "/home/runner/work/scientific-software-development-protocol/scientific-software-development-protocol/orchestrator/tests/_support.py", line 75, in init_repo
    subprocess.run(
  File "/opt/hostedtoolcache/Python/3.12.14/x64/lib/python3.12/subprocess.py", line 571, in run
    raise CalledProcessError(retcode, process.args,
subprocess.CalledProcessError: Command '['git', '-C', '/tmp/tmptopy4q5y/repo', 'commit', '--quiet', '-m', 'initial']' returned non-zero exit status 1.

======================================================================
ERROR: test_head_and_branch_survive_observation (tests.test_git_observation.NonMutationTests.test_head_and_branch_survive_observation)
----------------------------------------------------------------------
Traceback (most recent call last):
  File "/home/runner/work/scientific-software-development-protocol/scientific-software-development-protocol/orchestrator/tests/test_git_observation.py", line 58, in setUp
    self.repo = init_repo(self.root / "repo")
                ^^^^^^^^^^^^^^^^^^^^^^^^^^^^^
  File "/home/runner/work/scientific-software-development-protocol/scientific-software-development-protocol/orchestrator/tests/_support.py", line 75, in init_repo
    subprocess.run(
  File "/opt/hostedtoolcache/Python/3.12.14/x64/lib/python3.12/subprocess.py", line 571, in run
    raise CalledProcessError(retcode, process.args,
subprocess.CalledProcessError: Command '['git', '-C', '/tmp/tmp_zoetwi4/repo', 'commit', '--quiet', '-m', 'initial']' returned non-zero exit status 1.

======================================================================
ERROR: test_local_only_observation_mutates_nothing (tests.test_git_observation.NonMutationTests.test_local_only_observation_mutates_nothing)
----------------------------------------------------------------------
Traceback (most recent call last):
  File "/home/runner/work/scientific-software-development-protocol/scientific-software-development-protocol/orchestrator/tests/test_git_observation.py", line 58, in setUp
    self.repo = init_repo(self.root / "repo")
                ^^^^^^^^^^^^^^^^^^^^^^^^^^^^^
  File "/home/runner/work/scientific-software-development-protocol/scientific-software-development-protocol/orchestrator/tests/_support.py", line 69, in init_repo
    git(root, "add", "README.md")
  File "/home/runner/work/scientific-software-development-protocol/scientific-software-development-protocol/orchestrator/tests/_support.py", line 33, in git
    result = subprocess.run(
             ^^^^^^^^^^^^^^^
  File "/opt/hostedtoolcache/Python/3.12.14/x64/lib/python3.12/subprocess.py", line 571, in run
    raise CalledProcessError(retcode, process.args,
subprocess.CalledProcessError: Command '['git', '-C', '/tmp/tmpb64a8mvl/repo', 'add', 'README.md']' returned non-zero exit status 128.

======================================================================
ERROR: test_refresh_remote_observation_mutates_nothing (tests.test_git_observation.NonMutationTests.test_refresh_remote_observation_mutates_nothing)
----------------------------------------------------------------------
Traceback (most recent call last):
  File "/home/runner/work/scientific-software-development-protocol/scientific-software-development-protocol/orchestrator/tests/test_git_observation.py", line 58, in setUp
    self.repo = init_repo(self.root / "repo")
                ^^^^^^^^^^^^^^^^^^^^^^^^^^^^^
  File "/home/runner/work/scientific-software-development-protocol/scientific-software-development-protocol/orchestrator/tests/_support.py", line 75, in init_repo
    subprocess.run(
  File "/opt/hostedtoolcache/Python/3.12.14/x64/lib/python3.12/subprocess.py", line 571, in run
    raise CalledProcessError(retcode, process.args,
subprocess.CalledProcessError: Command '['git', '-C', '/tmp/tmp8eqtvxuj/repo', 'commit', '--quiet', '-m', 'initial']' returned non-zero exit status 128.

======================================================================
ERROR: test_branch_upstream_remote_precedes_origin (tests.test_git_observation.RemoteSelectionTests.test_branch_upstream_remote_precedes_origin)
----------------------------------------------------------------------
Traceback (most recent call last):
  File "/home/runner/work/scientific-software-development-protocol/scientific-software-development-protocol/orchestrator/tests/test_git_observation.py", line 58, in setUp
    self.repo = init_repo(self.root / "repo")
                ^^^^^^^^^^^^^^^^^^^^^^^^^^^^^
  File "/home/runner/work/scientific-software-development-protocol/scientific-software-development-protocol/orchestrator/tests/_support.py", line 75, in init_repo
    subprocess.run(
  File "/opt/hostedtoolcache/Python/3.12.14/x64/lib/python3.12/subprocess.py", line 571, in run
    raise CalledProcessError(retcode, process.args,
subprocess.CalledProcessError: Command '['git', '-C', '/tmp/tmp9h16arht/repo', 'commit', '--quiet', '-m', 'initial']' returned non-zero exit status 1.

======================================================================
ERROR: test_configured_remote_name_wins (tests.test_git_observation.RemoteSelectionTests.test_configured_remote_name_wins)
----------------------------------------------------------------------
Traceback (most recent call last):
  File "/home/runner/work/scientific-software-development-protocol/scientific-software-development-protocol/orchestrator/tests/test_git_observation.py", line 58, in setUp
    self.repo = init_repo(self.root / "repo")
                ^^^^^^^^^^^^^^^^^^^^^^^^^^^^^
  File "/home/runner/work/scientific-software-development-protocol/scientific-software-development-protocol/orchestrator/tests/_support.py", line 75, in init_repo
    subprocess.run(
  File "/opt/hostedtoolcache/Python/3.12.14/x64/lib/python3.12/subprocess.py", line 571, in run
    raise CalledProcessError(retcode, process.args,
subprocess.CalledProcessError: Command '['git', '-C', '/tmp/tmp1a1f5k0n/repo', 'commit', '--quiet', '-m', 'initial']' returned non-zero exit status 128.

======================================================================
ERROR: test_credential_userinfo_is_stripped (tests.test_git_observation.RemoteSelectionTests.test_credential_userinfo_is_stripped)
----------------------------------------------------------------------
Traceback (most recent call last):
  File "/home/runner/work/scientific-software-development-protocol/scientific-software-development-protocol/orchestrator/tests/test_git_observation.py", line 58, in setUp
    self.repo = init_repo(self.root / "repo")
                ^^^^^^^^^^^^^^^^^^^^^^^^^^^^^
  File "/home/runner/work/scientific-software-development-protocol/scientific-software-development-protocol/orchestrator/tests/_support.py", line 69, in init_repo
    git(root, "add", "README.md")
  File "/home/runner/work/scientific-software-development-protocol/scientific-software-development-protocol/orchestrator/tests/_support.py", line 33, in git
    result = subprocess.run(
             ^^^^^^^^^^^^^^^
  File "/opt/hostedtoolcache/Python/3.12.14/x64/lib/python3.12/subprocess.py", line 571, in run
    raise CalledProcessError(retcode, process.args,
subprocess.CalledProcessError: Command '['git', '-C', '/tmp/tmpmym_7j3c/repo', 'add', 'README.md']' returned non-zero exit status 128.

======================================================================
ERROR: test_file_url_remote_is_local_only (tests.test_git_observation.RemoteSelectionTests.test_file_url_remote_is_local_only)
----------------------------------------------------------------------
Traceback (most recent call last):
  File "/home/runner/work/scientific-software-development-protocol/scientific-software-development-protocol/orchestrator/tests/test_git_observation.py", line 58, in setUp
    self.repo = init_repo(self.root / "repo")
                ^^^^^^^^^^^^^^^^^^^^^^^^^^^^^
  File "/home/runner/work/scientific-software-development-protocol/scientific-software-development-protocol/orchestrator/tests/_support.py", line 75, in init_repo
    subprocess.run(
  File "/opt/hostedtoolcache/Python/3.12.14/x64/lib/python3.12/subprocess.py", line 571, in run
    raise CalledProcessError(retcode, process.args,
subprocess.CalledProcessError: Command '['git', '-C', '/tmp/tmpl8hfpj0y/repo', 'commit', '--quiet', '-m', 'initial']' returned non-zero exit status 1.

======================================================================
ERROR: test_filesystem_path_remote_is_local_only (tests.test_git_observation.RemoteSelectionTests.test_filesystem_path_remote_is_local_only)
----------------------------------------------------------------------
Traceback (most recent call last):
  File "/home/runner/work/scientific-software-development-protocol/scientific-software-development-protocol/orchestrator/tests/test_git_observation.py", line 58, in setUp
    self.repo = init_repo(self.root / "repo")
                ^^^^^^^^^^^^^^^^^^^^^^^^^^^^^
  File "/home/runner/work/scientific-software-development-protocol/scientific-software-development-protocol/orchestrator/tests/_support.py", line 75, in init_repo
    subprocess.run(
  File "/opt/hostedtoolcache/Python/3.12.14/x64/lib/python3.12/subprocess.py", line 571, in run
    raise CalledProcessError(retcode, process.args,
subprocess.CalledProcessError: Command '['git', '-C', '/tmp/tmpqk618um6/repo', 'commit', '--quiet', '-m', 'initial']' returned non-zero exit status 1.

======================================================================
ERROR: test_multiple_remotes_without_evidence_are_ambiguous (tests.test_git_observation.RemoteSelectionTests.test_multiple_remotes_without_evidence_are_ambiguous)
----------------------------------------------------------------------
Traceback (most recent call last):
  File "/home/runner/work/scientific-software-development-protocol/scientific-software-development-protocol/orchestrator/tests/test_git_observation.py", line 58, in setUp
    self.repo = init_repo(self.root / "repo")
                ^^^^^^^^^^^^^^^^^^^^^^^^^^^^^
  File "/home/runner/work/scientific-software-development-protocol/scientific-software-development-protocol/orchestrator/tests/_support.py", line 75, in init_repo
    subprocess.run(
  File "/opt/hostedtoolcache/Python/3.12.14/x64/lib/python3.12/subprocess.py", line 571, in run
    raise CalledProcessError(retcode, process.args,
subprocess.CalledProcessError: Command '['git', '-C', '/tmp/tmp1gumztzz/repo', 'commit', '--quiet', '-m', 'initial']' returned non-zero exit status 1.

======================================================================
ERROR: test_no_remote_is_reported_as_unavailable (tests.test_git_observation.RemoteSelectionTests.test_no_remote_is_reported_as_unavailable)
----------------------------------------------------------------------
Traceback (most recent call last):
  File "/home/runner/work/scientific-software-development-protocol/scientific-software-development-protocol/orchestrator/tests/test_git_observation.py", line 58, in setUp
    self.repo = init_repo(self.root / "repo")
                ^^^^^^^^^^^^^^^^^^^^^^^^^^^^^
  File "/home/runner/work/scientific-software-development-protocol/scientific-software-development-protocol/orchestrator/tests/_support.py", line 75, in init_repo
    subprocess.run(
  File "/opt/hostedtoolcache/Python/3.12.14/x64/lib/python3.12/subprocess.py", line 571, in run
    raise CalledProcessError(retcode, process.args,
subprocess.CalledProcessError: Command '['git', '-C', '/tmp/tmphb4myz3m/repo', 'commit', '--quiet', '-m', 'initial']' returned non-zero exit status 1.

======================================================================
ERROR: test_origin_precedes_other_remotes (tests.test_git_observation.RemoteSelectionTests.test_origin_precedes_other_remotes)
----------------------------------------------------------------------
Traceback (most recent call last):
  File "/home/runner/work/scientific-software-development-protocol/scientific-software-development-protocol/orchestrator/tests/test_git_observation.py", line 58, in setUp
    self.repo = init_repo(self.root / "repo")
                ^^^^^^^^^^^^^^^^^^^^^^^^^^^^^
  File "/home/runner/work/scientific-software-development-protocol/scientific-software-development-protocol/orchestrator/tests/_support.py", line 75, in init_repo
    subprocess.run(
  File "/opt/hostedtoolcache/Python/3.12.14/x64/lib/python3.12/subprocess.py", line 571, in run
    raise CalledProcessError(retcode, process.args,
subprocess.CalledProcessError: Command '['git', '-C', '/tmp/tmp1ox1a5di/repo', 'commit', '--quiet', '-m', 'initial']' returned non-zero exit status 1.

======================================================================
ERROR: test_remote_listing_is_complete (tests.test_git_observation.RemoteSelectionTests.test_remote_listing_is_complete)
----------------------------------------------------------------------
Traceback (most recent call last):
  File "/home/runner/work/scientific-software-development-protocol/scientific-software-development-protocol/orchestrator/tests/test_git_observation.py", line 58, in setUp
    self.repo = init_repo(self.root / "repo")
                ^^^^^^^^^^^^^^^^^^^^^^^^^^^^^
  File "/home/runner/work/scientific-software-development-protocol/scientific-software-development-protocol/orchestrator/tests/_support.py", line 75, in init_repo
    subprocess.run(
  File "/opt/hostedtoolcache/Python/3.12.14/x64/lib/python3.12/subprocess.py", line 571, in run
    raise CalledProcessError(retcode, process.args,
subprocess.CalledProcessError: Command '['git', '-C', '/tmp/tmp226p58tk/repo', 'commit', '--quiet', '-m', 'initial']' returned non-zero exit status 1.

======================================================================
ERROR: test_scp_style_ssh_remote_is_web_addressable (tests.test_git_observation.RemoteSelectionTests.test_scp_style_ssh_remote_is_web_addressable)
----------------------------------------------------------------------
Traceback (most recent call last):
  File "/home/runner/work/scientific-software-development-protocol/scientific-software-development-protocol/orchestrator/tests/test_git_observation.py", line 58, in setUp
    self.repo = init_repo(self.root / "repo")
                ^^^^^^^^^^^^^^^^^^^^^^^^^^^^^
  File "/home/runner/work/scientific-software-development-protocol/scientific-software-development-protocol/orchestrator/tests/_support.py", line 75, in init_repo
    subprocess.run(
  File "/opt/hostedtoolcache/Python/3.12.14/x64/lib/python3.12/subprocess.py", line 571, in run
    raise CalledProcessError(retcode, process.args,
subprocess.CalledProcessError: Command '['git', '-C', '/tmp/tmp9y5fdko7/repo', 'commit', '--quiet', '-m', 'initial']' returned non-zero exit status 1.

======================================================================
ERROR: test_sole_remote_is_selected (tests.test_git_observation.RemoteSelectionTests.test_sole_remote_is_selected)
----------------------------------------------------------------------
Traceback (most recent call last):
  File "/home/runner/work/scientific-software-development-protocol/scientific-software-development-protocol/orchestrator/tests/test_git_observation.py", line 58, in setUp
    self.repo = init_repo(self.root / "repo")
                ^^^^^^^^^^^^^^^^^^^^^^^^^^^^^
  File "/home/runner/work/scientific-software-development-protocol/scientific-software-development-protocol/orchestrator/tests/_support.py", line 75, in init_repo
    subprocess.run(
  File "/opt/hostedtoolcache/Python/3.12.14/x64/lib/python3.12/subprocess.py", line 571, in run
    raise CalledProcessError(retcode, process.args,
subprocess.CalledProcessError: Command '['git', '-C', '/tmp/tmpjuojyhc5/repo', 'commit', '--quiet', '-m', 'initial']' returned non-zero exit status 1.

======================================================================
ERROR: test_unknown_configured_remote_fails (tests.test_git_observation.RemoteSelectionTests.test_unknown_configured_remote_fails)
----------------------------------------------------------------------
Traceback (most recent call last):
  File "/home/runner/work/scientific-software-development-protocol/scientific-software-development-protocol/orchestrator/tests/test_git_observation.py", line 58, in setUp
    self.repo = init_repo(self.root / "repo")
                ^^^^^^^^^^^^^^^^^^^^^^^^^^^^^
  File "/home/runner/work/scientific-software-development-protocol/scientific-software-development-protocol/orchestrator/tests/_support.py", line 75, in init_repo
    subprocess.run(
  File "/opt/hostedtoolcache/Python/3.12.14/x64/lib/python3.12/subprocess.py", line 571, in run
    raise CalledProcessError(retcode, process.args,
subprocess.CalledProcessError: Command '['git', '-C', '/tmp/tmpmt8fb78_/repo', 'commit', '--quiet', '-m', 'initial']' returned non-zero exit status 1.

======================================================================
ERROR: test_aggregate_dirty_content_budget_marks_identity_incomplete (tests.test_git_observation.WorkingTreeIdentityTests.test_aggregate_dirty_content_budget_marks_identity_incomplete)
----------------------------------------------------------------------
Traceback (most recent call last):
  File "/home/runner/work/scientific-software-development-protocol/scientific-software-development-protocol/orchestrator/tests/test_git_observation.py", line 58, in setUp
    self.repo = init_repo(self.root / "repo")
                ^^^^^^^^^^^^^^^^^^^^^^^^^^^^^
  File "/home/runner/work/scientific-software-development-protocol/scientific-software-development-protocol/orchestrator/tests/_support.py", line 69, in init_repo
    git(root, "add", "README.md")
  File "/home/runner/work/scientific-software-development-protocol/scientific-software-development-protocol/orchestrator/tests/_support.py", line 33, in git
    result = subprocess.run(
             ^^^^^^^^^^^^^^^
  File "/opt/hostedtoolcache/Python/3.12.14/x64/lib/python3.12/subprocess.py", line 571, in run
    raise CalledProcessError(retcode, process.args,
subprocess.CalledProcessError: Command '['git', '-C', '/tmp/tmp8vt2zw1r/repo', 'add', 'README.md']' returned non-zero exit status 128.

======================================================================
ERROR: test_clean_tree_has_no_digest (tests.test_git_observation.WorkingTreeIdentityTests.test_clean_tree_has_no_digest)
----------------------------------------------------------------------
Traceback (most recent call last):
  File "/home/runner/work/scientific-software-development-protocol/scientific-software-development-protocol/orchestrator/tests/test_git_observation.py", line 58, in setUp
    self.repo = init_repo(self.root / "repo")
                ^^^^^^^^^^^^^^^^^^^^^^^^^^^^^
  File "/home/runner/work/scientific-software-development-protocol/scientific-software-development-protocol/orchestrator/tests/_support.py", line 75, in init_repo
    subprocess.run(
  File "/opt/hostedtoolcache/Python/3.12.14/x64/lib/python3.12/subprocess.py", line 571, in run
    raise CalledProcessError(retcode, process.args,
subprocess.CalledProcessError: Command '['git', '-C', '/tmp/tmpwpwu3_5d/repo', 'commit', '--quiet', '-m', 'initial']' returned non-zero exit status 1.

======================================================================
ERROR: test_dirty_content_changes_the_digest_at_the_same_path (tests.test_git_observation.WorkingTreeIdentityTests.test_dirty_content_changes_the_digest_at_the_same_path)
----------------------------------------------------------------------
Traceback (most recent call last):
  File "/home/runner/work/scientific-software-development-protocol/scientific-software-development-protocol/orchestrator/tests/test_git_observation.py", line 58, in setUp
    self.repo = init_repo(self.root / "repo")
                ^^^^^^^^^^^^^^^^^^^^^^^^^^^^^
  File "/home/runner/work/scientific-software-development-protocol/scientific-software-development-protocol/orchestrator/tests/_support.py", line 75, in init_repo
    subprocess.run(
  File "/opt/hostedtoolcache/Python/3.12.14/x64/lib/python3.12/subprocess.py", line 571, in run
    raise CalledProcessError(retcode, process.args,
subprocess.CalledProcessError: Command '['git', '-C', '/tmp/tmpcqzdyb6d/repo', 'commit', '--quiet', '-m', 'initial']' returned non-zero exit status 128.

======================================================================
ERROR: test_embedded_repository_directory_marks_identity_incomplete (tests.test_git_observation.WorkingTreeIdentityTests.test_embedded_repository_directory_marks_identity_incomplete)
Git reports an embedded repository as one directory entry.
----------------------------------------------------------------------
Traceback (most recent call last):
  File "/home/runner/work/scientific-software-development-protocol/scientific-software-development-protocol/orchestrator/tests/test_git_observation.py", line 58, in setUp
    self.repo = init_repo(self.root / "repo")
                ^^^^^^^^^^^^^^^^^^^^^^^^^^^^^
  File "/home/runner/work/scientific-software-development-protocol/scientific-software-development-protocol/orchestrator/tests/_support.py", line 75, in init_repo
    subprocess.run(
  File "/opt/hostedtoolcache/Python/3.12.14/x64/lib/python3.12/subprocess.py", line 571, in run
    raise CalledProcessError(retcode, process.args,
subprocess.CalledProcessError: Command '['git', '-C', '/tmp/tmphu15_bn_/repo', 'commit', '--quiet', '-m', 'initial']' returned non-zero exit status 128.

======================================================================
ERROR: test_identical_dirty_content_is_stable (tests.test_git_observation.WorkingTreeIdentityTests.test_identical_dirty_content_is_stable)
----------------------------------------------------------------------
Traceback (most recent call last):
  File "/home/runner/work/scientific-software-development-protocol/scientific-software-development-protocol/orchestrator/tests/test_git_observation.py", line 58, in setUp
    self.repo = init_repo(self.root / "repo")
                ^^^^^^^^^^^^^^^^^^^^^^^^^^^^^
  File "/home/runner/work/scientific-software-development-protocol/scientific-software-development-protocol/orchestrator/tests/_support.py", line 75, in init_repo
    subprocess.run(
  File "/opt/hostedtoolcache/Python/3.12.14/x64/lib/python3.12/subprocess.py", line 571, in run
    raise CalledProcessError(retcode, process.args,
subprocess.CalledProcessError: Command '['git', '-C', '/tmp/tmpoivtscwi/repo', 'commit', '--quiet', '-m', 'initial']' returned non-zero exit status 1.

======================================================================
ERROR: test_mode_only_staged_changes_participate (tests.test_git_observation.WorkingTreeIdentityTests.test_mode_only_staged_changes_participate)
----------------------------------------------------------------------
Traceback (most recent call last):
  File "/home/runner/work/scientific-software-development-protocol/scientific-software-development-protocol/orchestrator/tests/test_git_observation.py", line 58, in setUp
    self.repo = init_repo(self.root / "repo")
                ^^^^^^^^^^^^^^^^^^^^^^^^^^^^^
  File "/home/runner/work/scientific-software-development-protocol/scientific-software-development-protocol/orchestrator/tests/_support.py", line 75, in init_repo
    subprocess.run(
  File "/opt/hostedtoolcache/Python/3.12.14/x64/lib/python3.12/subprocess.py", line 571, in run
    raise CalledProcessError(retcode, process.args,
subprocess.CalledProcessError: Command '['git', '-C', '/tmp/tmpmq0f9e41/repo', 'commit', '--quiet', '-m', 'initial']' returned non-zero exit status 128.

======================================================================
ERROR: test_non_utf8_dirty_path_is_structured_without_encoding_failure (tests.test_git_observation.WorkingTreeIdentityTests.test_non_utf8_dirty_path_is_structured_without_encoding_failure)
----------------------------------------------------------------------
Traceback (most recent call last):
  File "/home/runner/work/scientific-software-development-protocol/scientific-software-development-protocol/orchestrator/tests/test_git_observation.py", line 58, in setUp
    self.repo = init_repo(self.root / "repo")
                ^^^^^^^^^^^^^^^^^^^^^^^^^^^^^
  File "/home/runner/work/scientific-software-development-protocol/scientific-software-development-protocol/orchestrator/tests/_support.py", line 75, in init_repo
    subprocess.run(
  File "/opt/hostedtoolcache/Python/3.12.14/x64/lib/python3.12/subprocess.py", line 571, in run
    raise CalledProcessError(retcode, process.args,
subprocess.CalledProcessError: Command '['git', '-C', '/tmp/tmp2neox8ym/repo', 'commit', '--quiet', '-m', 'initial']' returned non-zero exit status 1.

======================================================================
ERROR: test_scheme_is_versioned (tests.test_git_observation.WorkingTreeIdentityTests.test_scheme_is_versioned)
----------------------------------------------------------------------
Traceback (most recent call last):
  File "/home/runner/work/scientific-software-development-protocol/scientific-software-development-protocol/orchestrator/tests/test_git_observation.py", line 58, in setUp
    self.repo = init_repo(self.root / "repo")
                ^^^^^^^^^^^^^^^^^^^^^^^^^^^^^
  File "/home/runner/work/scientific-software-development-protocol/scientific-software-development-protocol/orchestrator/tests/_support.py", line 75, in init_repo
    subprocess.run(
  File "/opt/hostedtoolcache/Python/3.12.14/x64/lib/python3.12/subprocess.py", line 571, in run
    raise CalledProcessError(retcode, process.args,
subprocess.CalledProcessError: Command '['git', '-C', '/tmp/tmpuv71bbud/repo', 'commit', '--quiet', '-m', 'initial']' returned non-zero exit status 1.

======================================================================
ERROR: test_staged_and_untracked_content_both_participate (tests.test_git_observation.WorkingTreeIdentityTests.test_staged_and_untracked_content_both_participate)
----------------------------------------------------------------------
Traceback (most recent call last):
  File "/home/runner/work/scientific-software-development-protocol/scientific-software-development-protocol/orchestrator/tests/test_git_observation.py", line 58, in setUp
    self.repo = init_repo(self.root / "repo")
                ^^^^^^^^^^^^^^^^^^^^^^^^^^^^^
  File "/home/runner/work/scientific-software-development-protocol/scientific-software-development-protocol/orchestrator/tests/_support.py", line 75, in init_repo
    subprocess.run(
  File "/opt/hostedtoolcache/Python/3.12.14/x64/lib/python3.12/subprocess.py", line 571, in run
    raise CalledProcessError(retcode, process.args,
subprocess.CalledProcessError: Command '['git', '-C', '/tmp/tmp_mvijhgp/repo', 'commit', '--quiet', '-m', 'initial']' returned non-zero exit status 1.

======================================================================
ERROR: test_staged_blob_changes_participate_when_worktree_bytes_do_not (tests.test_git_observation.WorkingTreeIdentityTests.test_staged_blob_changes_participate_when_worktree_bytes_do_not)
----------------------------------------------------------------------
Traceback (most recent call last):
  File "/home/runner/work/scientific-software-development-protocol/scientific-software-development-protocol/orchestrator/tests/test_git_observation.py", line 58, in setUp
    self.repo = init_repo(self.root / "repo")
                ^^^^^^^^^^^^^^^^^^^^^^^^^^^^^
  File "/home/runner/work/scientific-software-development-protocol/scientific-software-development-protocol/orchestrator/tests/_support.py", line 75, in init_repo
    subprocess.run(
  File "/opt/hostedtoolcache/Python/3.12.14/x64/lib/python3.12/subprocess.py", line 571, in run
    raise CalledProcessError(retcode, process.args,
subprocess.CalledProcessError: Command '['git', '-C', '/tmp/tmpqb3vmxa9/repo', 'commit', '--quiet', '-m', 'initial']' returned non-zero exit status 1.

======================================================================
ERROR: test_unreadable_file_marks_identity_incomplete (tests.test_git_observation.WorkingTreeIdentityTests.test_unreadable_file_marks_identity_incomplete)
----------------------------------------------------------------------
Traceback (most recent call last):
  File "/home/runner/work/scientific-software-development-protocol/scientific-software-development-protocol/orchestrator/tests/test_git_observation.py", line 58, in setUp
    self.repo = init_repo(self.root / "repo")
                ^^^^^^^^^^^^^^^^^^^^^^^^^^^^^
  File "/home/runner/work/scientific-software-development-protocol/scientific-software-development-protocol/orchestrator/tests/_support.py", line 75, in init_repo
    subprocess.run(
  File "/opt/hostedtoolcache/Python/3.12.14/x64/lib/python3.12/subprocess.py", line 571, in run
    raise CalledProcessError(retcode, process.args,
subprocess.CalledProcessError: Command '['git', '-C', '/tmp/tmpa_8xxay1/repo', 'commit', '--quiet', '-m', 'initial']' returned non-zero exit status 1.

======================================================================
ERROR: test_alias_paths_map_to_one_worktree_key (tests.test_git_observation.WorktreeIdentityTests.test_alias_paths_map_to_one_worktree_key)
----------------------------------------------------------------------
Traceback (most recent call last):
  File "/home/runner/work/scientific-software-development-protocol/scientific-software-development-protocol/orchestrator/tests/test_git_observation.py", line 58, in setUp
    self.repo = init_repo(self.root / "repo")
                ^^^^^^^^^^^^^^^^^^^^^^^^^^^^^
  File "/home/runner/work/scientific-software-development-protocol/scientific-software-development-protocol/orchestrator/tests/_support.py", line 75, in init_repo
    subprocess.run(
  File "/opt/hostedtoolcache/Python/3.12.14/x64/lib/python3.12/subprocess.py", line 571, in run
    raise CalledProcessError(retcode, process.args,
subprocess.CalledProcessError: Command '['git', '-C', '/tmp/tmp15k8grwd/repo', 'commit', '--quiet', '-m', 'initial']' returned non-zero exit status 1.

======================================================================
ERROR: test_ambient_git_semantic_overrides_do_not_redirect_observation (tests.test_git_observation.WorktreeIdentityTests.test_ambient_git_semantic_overrides_do_not_redirect_observation)
----------------------------------------------------------------------
Traceback (most recent call last):
  File "/home/runner/work/scientific-software-development-protocol/scientific-software-development-protocol/orchestrator/tests/test_git_observation.py", line 58, in setUp
    self.repo = init_repo(self.root / "repo")
                ^^^^^^^^^^^^^^^^^^^^^^^^^^^^^
  File "/home/runner/work/scientific-software-development-protocol/scientific-software-development-protocol/orchestrator/tests/_support.py", line 75, in init_repo
    subprocess.run(
  File "/opt/hostedtoolcache/Python/3.12.14/x64/lib/python3.12/subprocess.py", line 571, in run
    raise CalledProcessError(retcode, process.args,
subprocess.CalledProcessError: Command '['git', '-C', '/tmp/tmppjs2o_wg/repo', 'commit', '--quiet', '-m', 'initial']' returned non-zero exit status 1.

======================================================================
ERROR: test_git_executable_override_is_not_executed_by_remote_query (tests.test_git_observation.WorktreeIdentityTests.test_git_executable_override_is_not_executed_by_remote_query)
Exercise the real refresh path while an ambient helper is armed.
----------------------------------------------------------------------
Traceback (most recent call last):
  File "/home/runner/work/scientific-software-development-protocol/scientific-software-development-protocol/orchestrator/tests/test_git_observation.py", line 58, in setUp
    self.repo = init_repo(self.root / "repo")
                ^^^^^^^^^^^^^^^^^^^^^^^^^^^^^
  File "/home/runner/work/scientific-software-development-protocol/scientific-software-development-protocol/orchestrator/tests/_support.py", line 75, in init_repo
    subprocess.run(
  File "/opt/hostedtoolcache/Python/3.12.14/x64/lib/python3.12/subprocess.py", line 571, in run
    raise CalledProcessError(retcode, process.args,
subprocess.CalledProcessError: Command '['git', '-C', '/tmp/tmp50r96046/repo', 'commit', '--quiet', '-m', 'initial']' returned non-zero exit status 1.

======================================================================
ERROR: test_git_executable_overrides_are_not_inherited (tests.test_git_observation.WorktreeIdentityTests.test_git_executable_overrides_are_not_inherited)
----------------------------------------------------------------------
Traceback (most recent call last):
  File "/home/runner/work/scientific-software-development-protocol/scientific-software-development-protocol/orchestrator/tests/test_git_observation.py", line 58, in setUp
    self.repo = init_repo(self.root / "repo")
                ^^^^^^^^^^^^^^^^^^^^^^^^^^^^^
  File "/home/runner/work/scientific-software-development-protocol/scientific-software-development-protocol/orchestrator/tests/_support.py", line 75, in init_repo
    subprocess.run(
  File "/opt/hostedtoolcache/Python/3.12.14/x64/lib/python3.12/subprocess.py", line 571, in run
    raise CalledProcessError(retcode, process.args,
subprocess.CalledProcessError: Command '['git', '-C', '/tmp/tmpfupddx6d/repo', 'commit', '--quiet', '-m', 'initial']' returned non-zero exit status 1.

======================================================================
ERROR: test_key_does_not_expose_the_local_path (tests.test_git_observation.WorktreeIdentityTests.test_key_does_not_expose_the_local_path)
----------------------------------------------------------------------
Traceback (most recent call last):
  File "/home/runner/work/scientific-software-development-protocol/scientific-software-development-protocol/orchestrator/tests/test_git_observation.py", line 58, in setUp
    self.repo = init_repo(self.root / "repo")
                ^^^^^^^^^^^^^^^^^^^^^^^^^^^^^
  File "/home/runner/work/scientific-software-development-protocol/scientific-software-development-protocol/orchestrator/tests/_support.py", line 75, in init_repo
    subprocess.run(
  File "/opt/hostedtoolcache/Python/3.12.14/x64/lib/python3.12/subprocess.py", line 571, in run
    raise CalledProcessError(retcode, process.args,
subprocess.CalledProcessError: Command '['git', '-C', '/tmp/tmpgft8eczg/repo', 'commit', '--quiet', '-m', 'initial']' returned non-zero exit status 1.

======================================================================
ERROR: test_linked_worktree_is_a_distinct_key_sharing_the_repository (tests.test_git_observation.WorktreeIdentityTests.test_linked_worktree_is_a_distinct_key_sharing_the_repository)
----------------------------------------------------------------------
Traceback (most recent call last):
  File "/home/runner/work/scientific-software-development-protocol/scientific-software-development-protocol/orchestrator/tests/test_git_observation.py", line 58, in setUp
    self.repo = init_repo(self.root / "repo")
                ^^^^^^^^^^^^^^^^^^^^^^^^^^^^^
  File "/home/runner/work/scientific-software-development-protocol/scientific-software-development-protocol/orchestrator/tests/_support.py", line 75, in init_repo
    subprocess.run(
  File "/opt/hostedtoolcache/Python/3.12.14/x64/lib/python3.12/subprocess.py", line 571, in run
    raise CalledProcessError(retcode, process.args,
subprocess.CalledProcessError: Command '['git', '-C', '/tmp/tmpw87e0yj6/repo', 'commit', '--quiet', '-m', 'initial']' returned non-zero exit status 1.

======================================================================
ERROR: test_non_repository_path_is_rejected (tests.test_git_observation.WorktreeIdentityTests.test_non_repository_path_is_rejected)
----------------------------------------------------------------------
Traceback (most recent call last):
  File "/home/runner/work/scientific-software-development-protocol/scientific-software-development-protocol/orchestrator/tests/test_git_observation.py", line 58, in setUp
    self.repo = init_repo(self.root / "repo")
                ^^^^^^^^^^^^^^^^^^^^^^^^^^^^^
  File "/home/runner/work/scientific-software-development-protocol/scientific-software-development-protocol/orchestrator/tests/_support.py", line 75, in init_repo
    subprocess.run(
  File "/opt/hostedtoolcache/Python/3.12.14/x64/lib/python3.12/subprocess.py", line 571, in run
    raise CalledProcessError(retcode, process.args,
subprocess.CalledProcessError: Command '['git', '-C', '/tmp/tmpw98h1e8x/repo', 'commit', '--quiet', '-m', 'initial']' returned non-zero exit status 1.

======================================================================
ERROR: test_subdirectory_resolves_to_the_worktree_root (tests.test_git_observation.WorktreeIdentityTests.test_subdirectory_resolves_to_the_worktree_root)
----------------------------------------------------------------------
Traceback (most recent call last):
  File "/home/runner/work/scientific-software-development-protocol/scientific-software-development-protocol/orchestrator/tests/test_git_observation.py", line 58, in setUp
    self.repo = init_repo(self.root / "repo")
                ^^^^^^^^^^^^^^^^^^^^^^^^^^^^^
  File "/home/runner/work/scientific-software-development-protocol/scientific-software-development-protocol/orchestrator/tests/_support.py", line 75, in init_repo
    subprocess.run(
  File "/opt/hostedtoolcache/Python/3.12.14/x64/lib/python3.12/subprocess.py", line 571, in run
    raise CalledProcessError(retcode, process.args,
subprocess.CalledProcessError: Command '['git', '-C', '/tmp/tmpj4um7rl7/repo', 'commit', '--quiet', '-m', 'initial']' returned non-zero exit status 1.

======================================================================
ERROR: test_subprocess_stdout_and_stderr_are_bounded_during_collection (tests.test_git_observation.WorktreeIdentityTests.test_subprocess_stdout_and_stderr_are_bounded_during_collection)
----------------------------------------------------------------------
Traceback (most recent call last):
  File "/home/runner/work/scientific-software-development-protocol/scientific-software-development-protocol/orchestrator/tests/test_git_observation.py", line 58, in setUp
    self.repo = init_repo(self.root / "repo")
                ^^^^^^^^^^^^^^^^^^^^^^^^^^^^^
  File "/home/runner/work/scientific-software-development-protocol/scientific-software-development-protocol/orchestrator/tests/_support.py", line 75, in init_repo
    subprocess.run(
  File "/opt/hostedtoolcache/Python/3.12.14/x64/lib/python3.12/subprocess.py", line 571, in run
    raise CalledProcessError(retcode, process.args,
subprocess.CalledProcessError: Command '['git', '-C', '/tmp/tmpxv9ym2d_/repo', 'commit', '--quiet', '-m', 'initial']' returned non-zero exit status 1.

----------------------------------------------------------------------
Ran 44 tests in 1.373s

FAILED (errors=44)


======================================================================
tests.test_installed_product
======================================================================
test_capabilities_defaults_to_discovery_only (tests.test_installed_product.InstalledProductTests.test_capabilities_defaults_to_discovery_only) ... ERROR
test_clipboard_extra_is_additive_and_never_blocks_the_prompt (tests.test_installed_product.InstalledProductTests.test_clipboard_extra_is_additive_and_never_blocks_the_prompt) ... ERROR
test_cwd_project_resolution_works_from_inside_the_worktree (tests.test_installed_product.InstalledProductTests.test_cwd_project_resolution_works_from_inside_the_worktree) ... ERROR
test_doctor_packaged_failure_does_not_fallback_to_configured_sources (tests.test_installed_product.InstalledProductTests.test_doctor_packaged_failure_does_not_fallback_to_configured_sources)
Doctor's packaged-only owner must stay passive even on failure. ... ERROR
test_doctor_reports_readiness_without_loading_or_network (tests.test_installed_product.InstalledProductTests.test_doctor_reports_readiness_without_loading_or_network) ... ERROR
test_errors_are_redacted_json_on_stderr_with_no_prompt_bytes (tests.test_installed_product.InstalledProductTests.test_errors_are_redacted_json_on_stderr_with_no_prompt_bytes) ... ERROR
test_every_stage_alias_uses_the_same_path_as_prompt (tests.test_installed_product.InstalledProductTests.test_every_stage_alias_uses_the_same_path_as_prompt) ... ERROR
test_execution_mode_override_does_not_change_prompt_mode (tests.test_installed_product.InstalledProductTests.test_execution_mode_override_does_not_change_prompt_mode) ... ERROR
test_help_is_available_without_a_configuration (tests.test_installed_product.InstalledProductTests.test_help_is_available_without_a_configuration) ... ERROR
test_installed_build_imports_no_higher_module (tests.test_installed_product.InstalledProductTests.test_installed_build_imports_no_higher_module) ... ERROR
test_installed_cli_renders_a_stage_prompt (tests.test_installed_product.InstalledProductTests.test_installed_cli_renders_a_stage_prompt) ... ERROR
test_installed_package_lives_outside_the_source_checkout (tests.test_installed_product.InstalledProductTests.test_installed_package_lives_outside_the_source_checkout) ... ERROR
test_offline_rendering_uses_the_packaged_snapshot (tests.test_installed_product.InstalledProductTests.test_offline_rendering_uses_the_packaged_snapshot)
No configured Protocol source: the wheel's own snapshot must suffice. ... ERROR
test_pipe_safe_output (tests.test_installed_product.InstalledProductTests.test_pipe_safe_output) ... ERROR
test_profile_alias_resolves (tests.test_installed_product.InstalledProductTests.test_profile_alias_resolves) ... ERROR
test_projects_command_reports_configuration (tests.test_installed_product.InstalledProductTests.test_projects_command_reports_configuration) ... ERROR
test_prompt_mode_web_leaves_canonical_execution_mode_alone (tests.test_installed_product.InstalledProductTests.test_prompt_mode_web_leaves_canonical_execution_mode_alone) ... ERROR
test_sdist_contains_the_package_and_protocol_resources (tests.test_installed_product.InstalledProductTests.test_sdist_contains_the_package_and_protocol_resources) ... ERROR
test_sdist_installed_cli_runs_outside_the_checkout (tests.test_installed_product.InstalledProductTests.test_sdist_installed_cli_runs_outside_the_checkout) ... ERROR
test_sdist_is_produced (tests.test_installed_product.InstalledProductTests.test_sdist_is_produced) ... ERROR
test_sdist_was_installed_in_a_separate_environment (tests.test_installed_product.InstalledProductTests.test_sdist_was_installed_in_a_separate_environment) ... ERROR
test_sibling_namespace_package_coexists (tests.test_installed_product.InstalledProductTests.test_sibling_namespace_package_coexists)
A future sibling distribution must share the PEP 420 namespace. ... ERROR
test_stage_disallowed_workplan_fails_at_the_cli (tests.test_installed_product.InstalledProductTests.test_stage_disallowed_workplan_fails_at_the_cli) ... ERROR
test_stdout_carries_only_the_prompt (tests.test_installed_product.InstalledProductTests.test_stdout_carries_only_the_prompt) ... ERROR
test_task_outside_design_fails_at_the_cli (tests.test_installed_product.InstalledProductTests.test_task_outside_design_fails_at_the_cli) ... ERROR
test_wheel_contains_no_root_namespace_init (tests.test_installed_product.InstalledProductTests.test_wheel_contains_no_root_namespace_init) ... ERROR
test_wheel_declares_the_console_script (tests.test_installed_product.InstalledProductTests.test_wheel_declares_the_console_script) ... ERROR
test_wheel_ships_the_packaged_protocol_snapshot (tests.test_installed_product.InstalledProductTests.test_wheel_ships_the_packaged_protocol_snapshot) ... ERROR
test_zero_install_launcher_matches_installed_cli_semantics (tests.test_installed_product.InstalledProductTests.test_zero_install_launcher_matches_installed_cli_semantics) ... ERROR
test_zero_install_launcher_propagates_structured_failures (tests.test_installed_product.InstalledProductTests.test_zero_install_launcher_propagates_structured_failures) ... ERROR
test_zero_install_launcher_runs_from_outside_the_checkout (tests.test_installed_product.InstalledProductTests.test_zero_install_launcher_runs_from_outside_the_checkout) ... ERROR
test_zero_install_launcher_wins_over_a_stale_namespace_copy (tests.test_installed_product.InstalledProductTests.test_zero_install_launcher_wins_over_a_stale_namespace_copy) ... ERROR

======================================================================
ERROR: test_capabilities_defaults_to_discovery_only (tests.test_installed_product.InstalledProductTests.test_capabilities_defaults_to_discovery_only)
----------------------------------------------------------------------
Traceback (most recent call last):
  File "/home/runner/work/scientific-software-development-protocol/scientific-software-development-protocol/orchestrator/tests/test_installed_product.py", line 100, in setUp
    self.repo = init_repo(self.case / "repo")
                ^^^^^^^^^^^^^^^^^^^^^^^^^^^^^
  File "/home/runner/work/scientific-software-development-protocol/scientific-software-development-protocol/orchestrator/tests/_support.py", line 75, in init_repo
    subprocess.run(
  File "/opt/hostedtoolcache/Python/3.12.14/x64/lib/python3.12/subprocess.py", line 571, in run
    raise CalledProcessError(retcode, process.args,
subprocess.CalledProcessError: Command '['git', '-C', '/tmp/tmpy_xl466x/repo', 'commit', '--quiet', '-m', 'initial']' returned non-zero exit status 1.

======================================================================
ERROR: test_clipboard_extra_is_additive_and_never_blocks_the_prompt (tests.test_installed_product.InstalledProductTests.test_clipboard_extra_is_additive_and_never_blocks_the_prompt)
----------------------------------------------------------------------
Traceback (most recent call last):
  File "/home/runner/work/scientific-software-development-protocol/scientific-software-development-protocol/orchestrator/tests/test_installed_product.py", line 100, in setUp
    self.repo = init_repo(self.case / "repo")
                ^^^^^^^^^^^^^^^^^^^^^^^^^^^^^
  File "/home/runner/work/scientific-software-development-protocol/scientific-software-development-protocol/orchestrator/tests/_support.py", line 75, in init_repo
    subprocess.run(
  File "/opt/hostedtoolcache/Python/3.12.14/x64/lib/python3.12/subprocess.py", line 571, in run
    raise CalledProcessError(retcode, process.args,
subprocess.CalledProcessError: Command '['git', '-C', '/tmp/tmpao9k1iyo/repo', 'commit', '--quiet', '-m', 'initial']' returned non-zero exit status 1.

======================================================================
ERROR: test_cwd_project_resolution_works_from_inside_the_worktree (tests.test_installed_product.InstalledProductTests.test_cwd_project_resolution_works_from_inside_the_worktree)
----------------------------------------------------------------------
Traceback (most recent call last):
  File "/home/runner/work/scientific-software-development-protocol/scientific-software-development-protocol/orchestrator/tests/test_installed_product.py", line 100, in setUp
    self.repo = init_repo(self.case / "repo")
                ^^^^^^^^^^^^^^^^^^^^^^^^^^^^^
  File "/home/runner/work/scientific-software-development-protocol/scientific-software-development-protocol/orchestrator/tests/_support.py", line 75, in init_repo
    subprocess.run(
  File "/opt/hostedtoolcache/Python/3.12.14/x64/lib/python3.12/subprocess.py", line 571, in run
    raise CalledProcessError(retcode, process.args,
subprocess.CalledProcessError: Command '['git', '-C', '/tmp/tmpvn80uokl/repo', 'commit', '--quiet', '-m', 'initial']' returned non-zero exit status 1.

======================================================================
ERROR: test_doctor_packaged_failure_does_not_fallback_to_configured_sources (tests.test_installed_product.InstalledProductTests.test_doctor_packaged_failure_does_not_fallback_to_configured_sources)
Doctor's packaged-only owner must stay passive even on failure.
----------------------------------------------------------------------
Traceback (most recent call last):
  File "/home/runner/work/scientific-software-development-protocol/scientific-software-development-protocol/orchestrator/tests/test_installed_product.py", line 100, in setUp
    self.repo = init_repo(self.case / "repo")
                ^^^^^^^^^^^^^^^^^^^^^^^^^^^^^
  File "/home/runner/work/scientific-software-development-protocol/scientific-software-development-protocol/orchestrator/tests/_support.py", line 75, in init_repo
    subprocess.run(
  File "/opt/hostedtoolcache/Python/3.12.14/x64/lib/python3.12/subprocess.py", line 571, in run
    raise CalledProcessError(retcode, process.args,
subprocess.CalledProcessError: Command '['git', '-C', '/tmp/tmpll145nqc/repo', 'commit', '--quiet', '-m', 'initial']' returned non-zero exit status 1.

======================================================================
ERROR: test_doctor_reports_readiness_without_loading_or_network (tests.test_installed_product.InstalledProductTests.test_doctor_reports_readiness_without_loading_or_network)
----------------------------------------------------------------------
Traceback (most recent call last):
  File "/home/runner/work/scientific-software-development-protocol/scientific-software-development-protocol/orchestrator/tests/test_installed_product.py", line 100, in setUp
    self.repo = init_repo(self.case / "repo")
                ^^^^^^^^^^^^^^^^^^^^^^^^^^^^^
  File "/home/runner/work/scientific-software-development-protocol/scientific-software-development-protocol/orchestrator/tests/_support.py", line 75, in init_repo
    subprocess.run(
  File "/opt/hostedtoolcache/Python/3.12.14/x64/lib/python3.12/subprocess.py", line 571, in run
    raise CalledProcessError(retcode, process.args,
subprocess.CalledProcessError: Command '['git', '-C', '/tmp/tmprmw5mn_8/repo', 'commit', '--quiet', '-m', 'initial']' returned non-zero exit status 1.

======================================================================
ERROR: test_errors_are_redacted_json_on_stderr_with_no_prompt_bytes (tests.test_installed_product.InstalledProductTests.test_errors_are_redacted_json_on_stderr_with_no_prompt_bytes)
----------------------------------------------------------------------
Traceback (most recent call last):
  File "/home/runner/work/scientific-software-development-protocol/scientific-software-development-protocol/orchestrator/tests/test_installed_product.py", line 100, in setUp
    self.repo = init_repo(self.case / "repo")
                ^^^^^^^^^^^^^^^^^^^^^^^^^^^^^
  File "/home/runner/work/scientific-software-development-protocol/scientific-software-development-protocol/orchestrator/tests/_support.py", line 75, in init_repo
    subprocess.run(
  File "/opt/hostedtoolcache/Python/3.12.14/x64/lib/python3.12/subprocess.py", line 571, in run
    raise CalledProcessError(retcode, process.args,
subprocess.CalledProcessError: Command '['git', '-C', '/tmp/tmp5blsxkz3/repo', 'commit', '--quiet', '-m', 'initial']' returned non-zero exit status 1.

======================================================================
ERROR: test_every_stage_alias_uses_the_same_path_as_prompt (tests.test_installed_product.InstalledProductTests.test_every_stage_alias_uses_the_same_path_as_prompt)
----------------------------------------------------------------------
Traceback (most recent call last):
  File "/home/runner/work/scientific-software-development-protocol/scientific-software-development-protocol/orchestrator/tests/test_installed_product.py", line 100, in setUp
    self.repo = init_repo(self.case / "repo")
                ^^^^^^^^^^^^^^^^^^^^^^^^^^^^^
  File "/home/runner/work/scientific-software-development-protocol/scientific-software-development-protocol/orchestrator/tests/_support.py", line 75, in init_repo
    subprocess.run(
  File "/opt/hostedtoolcache/Python/3.12.14/x64/lib/python3.12/subprocess.py", line 571, in run
    raise CalledProcessError(retcode, process.args,
subprocess.CalledProcessError: Command '['git', '-C', '/tmp/tmpxf30buot/repo', 'commit', '--quiet', '-m', 'initial']' returned non-zero exit status 1.

======================================================================
ERROR: test_execution_mode_override_does_not_change_prompt_mode (tests.test_installed_product.InstalledProductTests.test_execution_mode_override_does_not_change_prompt_mode)
----------------------------------------------------------------------
Traceback (most recent call last):
  File "/home/runner/work/scientific-software-development-protocol/scientific-software-development-protocol/orchestrator/tests/test_installed_product.py", line 100, in setUp
    self.repo = init_repo(self.case / "repo")
                ^^^^^^^^^^^^^^^^^^^^^^^^^^^^^
  File "/home/runner/work/scientific-software-development-protocol/scientific-software-development-protocol/orchestrator/tests/_support.py", line 75, in init_repo
    subprocess.run(
  File "/opt/hostedtoolcache/Python/3.12.14/x64/lib/python3.12/subprocess.py", line 571, in run
    raise CalledProcessError(retcode, process.args,
subprocess.CalledProcessError: Command '['git', '-C', '/tmp/tmpxlsrubjx/repo', 'commit', '--quiet', '-m', 'initial']' returned non-zero exit status 1.

======================================================================
ERROR: test_help_is_available_without_a_configuration (tests.test_installed_product.InstalledProductTests.test_help_is_available_without_a_configuration)
----------------------------------------------------------------------
Traceback (most recent call last):
  File "/home/runner/work/scientific-software-development-protocol/scientific-software-development-protocol/orchestrator/tests/test_installed_product.py", line 100, in setUp
    self.repo = init_repo(self.case / "repo")
                ^^^^^^^^^^^^^^^^^^^^^^^^^^^^^
  File "/home/runner/work/scientific-software-development-protocol/scientific-software-development-protocol/orchestrator/tests/_support.py", line 75, in init_repo
    subprocess.run(
  File "/opt/hostedtoolcache/Python/3.12.14/x64/lib/python3.12/subprocess.py", line 571, in run
    raise CalledProcessError(retcode, process.args,
subprocess.CalledProcessError: Command '['git', '-C', '/tmp/tmp_3r5rglf/repo', 'commit', '--quiet', '-m', 'initial']' returned non-zero exit status 1.

======================================================================
ERROR: test_installed_build_imports_no_higher_module (tests.test_installed_product.InstalledProductTests.test_installed_build_imports_no_higher_module)
----------------------------------------------------------------------
Traceback (most recent call last):
  File "/home/runner/work/scientific-software-development-protocol/scientific-software-development-protocol/orchestrator/tests/test_installed_product.py", line 100, in setUp
    self.repo = init_repo(self.case / "repo")
                ^^^^^^^^^^^^^^^^^^^^^^^^^^^^^
  File "/home/runner/work/scientific-software-development-protocol/scientific-software-development-protocol/orchestrator/tests/_support.py", line 75, in init_repo
    subprocess.run(
  File "/opt/hostedtoolcache/Python/3.12.14/x64/lib/python3.12/subprocess.py", line 571, in run
    raise CalledProcessError(retcode, process.args,
subprocess.CalledProcessError: Command '['git', '-C', '/tmp/tmpsnuc5rzm/repo', 'commit', '--quiet', '-m', 'initial']' returned non-zero exit status 1.

======================================================================
ERROR: test_installed_cli_renders_a_stage_prompt (tests.test_installed_product.InstalledProductTests.test_installed_cli_renders_a_stage_prompt)
----------------------------------------------------------------------
Traceback (most recent call last):
  File "/home/runner/work/scientific-software-development-protocol/scientific-software-development-protocol/orchestrator/tests/test_installed_product.py", line 100, in setUp
    self.repo = init_repo(self.case / "repo")
                ^^^^^^^^^^^^^^^^^^^^^^^^^^^^^
  File "/home/runner/work/scientific-software-development-protocol/scientific-software-development-protocol/orchestrator/tests/_support.py", line 75, in init_repo
    subprocess.run(
  File "/opt/hostedtoolcache/Python/3.12.14/x64/lib/python3.12/subprocess.py", line 571, in run
    raise CalledProcessError(retcode, process.args,
subprocess.CalledProcessError: Command '['git', '-C', '/tmp/tmp5tj7tn9l/repo', 'commit', '--quiet', '-m', 'initial']' returned non-zero exit status 1.

======================================================================
ERROR: test_installed_package_lives_outside_the_source_checkout (tests.test_installed_product.InstalledProductTests.test_installed_package_lives_outside_the_source_checkout)
----------------------------------------------------------------------
Traceback (most recent call last):
  File "/home/runner/work/scientific-software-development-protocol/scientific-software-development-protocol/orchestrator/tests/test_installed_product.py", line 100, in setUp
    self.repo = init_repo(self.case / "repo")
                ^^^^^^^^^^^^^^^^^^^^^^^^^^^^^
  File "/home/runner/work/scientific-software-development-protocol/scientific-software-development-protocol/orchestrator/tests/_support.py", line 75, in init_repo
    subprocess.run(
  File "/opt/hostedtoolcache/Python/3.12.14/x64/lib/python3.12/subprocess.py", line 571, in run
    raise CalledProcessError(retcode, process.args,
subprocess.CalledProcessError: Command '['git', '-C', '/tmp/tmphaopgjvn/repo', 'commit', '--quiet', '-m', 'initial']' returned non-zero exit status 1.

======================================================================
ERROR: test_offline_rendering_uses_the_packaged_snapshot (tests.test_installed_product.InstalledProductTests.test_offline_rendering_uses_the_packaged_snapshot)
No configured Protocol source: the wheel's own snapshot must suffice.
----------------------------------------------------------------------
Traceback (most recent call last):
  File "/home/runner/work/scientific-software-development-protocol/scientific-software-development-protocol/orchestrator/tests/test_installed_product.py", line 100, in setUp
    self.repo = init_repo(self.case / "repo")
                ^^^^^^^^^^^^^^^^^^^^^^^^^^^^^
  File "/home/runner/work/scientific-software-development-protocol/scientific-software-development-protocol/orchestrator/tests/_support.py", line 75, in init_repo
    subprocess.run(
  File "/opt/hostedtoolcache/Python/3.12.14/x64/lib/python3.12/subprocess.py", line 571, in run
    raise CalledProcessError(retcode, process.args,
subprocess.CalledProcessError: Command '['git', '-C', '/tmp/tmpqiwrwev0/repo', 'commit', '--quiet', '-m', 'initial']' returned non-zero exit status 1.

======================================================================
ERROR: test_pipe_safe_output (tests.test_installed_product.InstalledProductTests.test_pipe_safe_output)
----------------------------------------------------------------------
Traceback (most recent call last):
  File "/home/runner/work/scientific-software-development-protocol/scientific-software-development-protocol/orchestrator/tests/test_installed_product.py", line 100, in setUp
    self.repo = init_repo(self.case / "repo")
                ^^^^^^^^^^^^^^^^^^^^^^^^^^^^^
  File "/home/runner/work/scientific-software-development-protocol/scientific-software-development-protocol/orchestrator/tests/_support.py", line 75, in init_repo
    subprocess.run(
  File "/opt/hostedtoolcache/Python/3.12.14/x64/lib/python3.12/subprocess.py", line 571, in run
    raise CalledProcessError(retcode, process.args,
subprocess.CalledProcessError: Command '['git', '-C', '/tmp/tmpmkph16d_/repo', 'commit', '--quiet', '-m', 'initial']' returned non-zero exit status 1.

======================================================================
ERROR: test_profile_alias_resolves (tests.test_installed_product.InstalledProductTests.test_profile_alias_resolves)
----------------------------------------------------------------------
Traceback (most recent call last):
  File "/home/runner/work/scientific-software-development-protocol/scientific-software-development-protocol/orchestrator/tests/test_installed_product.py", line 100, in setUp
    self.repo = init_repo(self.case / "repo")
                ^^^^^^^^^^^^^^^^^^^^^^^^^^^^^
  File "/home/runner/work/scientific-software-development-protocol/scientific-software-development-protocol/orchestrator/tests/_support.py", line 75, in init_repo
    subprocess.run(
  File "/opt/hostedtoolcache/Python/3.12.14/x64/lib/python3.12/subprocess.py", line 571, in run
    raise CalledProcessError(retcode, process.args,
subprocess.CalledProcessError: Command '['git', '-C', '/tmp/tmp0ggaofmd/repo', 'commit', '--quiet', '-m', 'initial']' returned non-zero exit status 1.

======================================================================
ERROR: test_projects_command_reports_configuration (tests.test_installed_product.InstalledProductTests.test_projects_command_reports_configuration)
----------------------------------------------------------------------
Traceback (most recent call last):
  File "/home/runner/work/scientific-software-development-protocol/scientific-software-development-protocol/orchestrator/tests/test_installed_product.py", line 100, in setUp
    self.repo = init_repo(self.case / "repo")
                ^^^^^^^^^^^^^^^^^^^^^^^^^^^^^
  File "/home/runner/work/scientific-software-development-protocol/scientific-software-development-protocol/orchestrator/tests/_support.py", line 75, in init_repo
    subprocess.run(
  File "/opt/hostedtoolcache/Python/3.12.14/x64/lib/python3.12/subprocess.py", line 571, in run
    raise CalledProcessError(retcode, process.args,
subprocess.CalledProcessError: Command '['git', '-C', '/tmp/tmpixhl3c7q/repo', 'commit', '--quiet', '-m', 'initial']' returned non-zero exit status 1.

======================================================================
ERROR: test_prompt_mode_web_leaves_canonical_execution_mode_alone (tests.test_installed_product.InstalledProductTests.test_prompt_mode_web_leaves_canonical_execution_mode_alone)
----------------------------------------------------------------------
Traceback (most recent call last):
  File "/home/runner/work/scientific-software-development-protocol/scientific-software-development-protocol/orchestrator/tests/test_installed_product.py", line 100, in setUp
    self.repo = init_repo(self.case / "repo")
                ^^^^^^^^^^^^^^^^^^^^^^^^^^^^^
  File "/home/runner/work/scientific-software-development-protocol/scientific-software-development-protocol/orchestrator/tests/_support.py", line 75, in init_repo
    subprocess.run(
  File "/opt/hostedtoolcache/Python/3.12.14/x64/lib/python3.12/subprocess.py", line 571, in run
    raise CalledProcessError(retcode, process.args,
subprocess.CalledProcessError: Command '['git', '-C', '/tmp/tmp0owxxi52/repo', 'commit', '--quiet', '-m', 'initial']' returned non-zero exit status 1.

======================================================================
ERROR: test_sdist_contains_the_package_and_protocol_resources (tests.test_installed_product.InstalledProductTests.test_sdist_contains_the_package_and_protocol_resources)
----------------------------------------------------------------------
Traceback (most recent call last):
  File "/home/runner/work/scientific-software-development-protocol/scientific-software-development-protocol/orchestrator/tests/test_installed_product.py", line 100, in setUp
    self.repo = init_repo(self.case / "repo")
                ^^^^^^^^^^^^^^^^^^^^^^^^^^^^^
  File "/home/runner/work/scientific-software-development-protocol/scientific-software-development-protocol/orchestrator/tests/_support.py", line 75, in init_repo
    subprocess.run(
  File "/opt/hostedtoolcache/Python/3.12.14/x64/lib/python3.12/subprocess.py", line 571, in run
    raise CalledProcessError(retcode, process.args,
subprocess.CalledProcessError: Command '['git', '-C', '/tmp/tmp6dtrdag4/repo', 'commit', '--quiet', '-m', 'initial']' returned non-zero exit status 1.

======================================================================
ERROR: test_sdist_installed_cli_runs_outside_the_checkout (tests.test_installed_product.InstalledProductTests.test_sdist_installed_cli_runs_outside_the_checkout)
----------------------------------------------------------------------
Traceback (most recent call last):
  File "/home/runner/work/scientific-software-development-protocol/scientific-software-development-protocol/orchestrator/tests/test_installed_product.py", line 100, in setUp
    self.repo = init_repo(self.case / "repo")
                ^^^^^^^^^^^^^^^^^^^^^^^^^^^^^
  File "/home/runner/work/scientific-software-development-protocol/scientific-software-development-protocol/orchestrator/tests/_support.py", line 75, in init_repo
    subprocess.run(
  File "/opt/hostedtoolcache/Python/3.12.14/x64/lib/python3.12/subprocess.py", line 571, in run
    raise CalledProcessError(retcode, process.args,
subprocess.CalledProcessError: Command '['git', '-C', '/tmp/tmpniehccs0/repo', 'commit', '--quiet', '-m', 'initial']' returned non-zero exit status 1.

======================================================================
ERROR: test_sdist_is_produced (tests.test_installed_product.InstalledProductTests.test_sdist_is_produced)
----------------------------------------------------------------------
Traceback (most recent call last):
  File "/home/runner/work/scientific-software-development-protocol/scientific-software-development-protocol/orchestrator/tests/test_installed_product.py", line 100, in setUp
    self.repo = init_repo(self.case / "repo")
                ^^^^^^^^^^^^^^^^^^^^^^^^^^^^^
  File "/home/runner/work/scientific-software-development-protocol/scientific-software-development-protocol/orchestrator/tests/_support.py", line 75, in init_repo
    subprocess.run(
  File "/opt/hostedtoolcache/Python/3.12.14/x64/lib/python3.12/subprocess.py", line 571, in run
    raise CalledProcessError(retcode, process.args,
subprocess.CalledProcessError: Command '['git', '-C', '/tmp/tmpq7f2qc4d/repo', 'commit', '--quiet', '-m', 'initial']' returned non-zero exit status 1.

======================================================================
ERROR: test_sdist_was_installed_in_a_separate_environment (tests.test_installed_product.InstalledProductTests.test_sdist_was_installed_in_a_separate_environment)
----------------------------------------------------------------------
Traceback (most recent call last):
  File "/home/runner/work/scientific-software-development-protocol/scientific-software-development-protocol/orchestrator/tests/test_installed_product.py", line 100, in setUp
    self.repo = init_repo(self.case / "repo")
                ^^^^^^^^^^^^^^^^^^^^^^^^^^^^^
  File "/home/runner/work/scientific-software-development-protocol/scientific-software-development-protocol/orchestrator/tests/_support.py", line 75, in init_repo
    subprocess.run(
  File "/opt/hostedtoolcache/Python/3.12.14/x64/lib/python3.12/subprocess.py", line 571, in run
    raise CalledProcessError(retcode, process.args,
subprocess.CalledProcessError: Command '['git', '-C', '/tmp/tmpxfylrlzo/repo', 'commit', '--quiet', '-m', 'initial']' returned non-zero exit status 1.

======================================================================
ERROR: test_sibling_namespace_package_coexists (tests.test_installed_product.InstalledProductTests.test_sibling_namespace_package_coexists)
A future sibling distribution must share the PEP 420 namespace.
----------------------------------------------------------------------
Traceback (most recent call last):
  File "/home/runner/work/scientific-software-development-protocol/scientific-software-development-protocol/orchestrator/tests/test_installed_product.py", line 100, in setUp
    self.repo = init_repo(self.case / "repo")
                ^^^^^^^^^^^^^^^^^^^^^^^^^^^^^
  File "/home/runner/work/scientific-software-development-protocol/scientific-software-development-protocol/orchestrator/tests/_support.py", line 75, in init_repo
    subprocess.run(
  File "/opt/hostedtoolcache/Python/3.12.14/x64/lib/python3.12/subprocess.py", line 571, in run
    raise CalledProcessError(retcode, process.args,
subprocess.CalledProcessError: Command '['git', '-C', '/tmp/tmptgjsp8ug/repo', 'commit', '--quiet', '-m', 'initial']' returned non-zero exit status 1.

======================================================================
ERROR: test_stage_disallowed_workplan_fails_at_the_cli (tests.test_installed_product.InstalledProductTests.test_stage_disallowed_workplan_fails_at_the_cli)
----------------------------------------------------------------------
Traceback (most recent call last):
  File "/home/runner/work/scientific-software-development-protocol/scientific-software-development-protocol/orchestrator/tests/test_installed_product.py", line 100, in setUp
    self.repo = init_repo(self.case / "repo")
                ^^^^^^^^^^^^^^^^^^^^^^^^^^^^^
  File "/home/runner/work/scientific-software-development-protocol/scientific-software-development-protocol/orchestrator/tests/_support.py", line 75, in init_repo
    subprocess.run(
  File "/opt/hostedtoolcache/Python/3.12.14/x64/lib/python3.12/subprocess.py", line 571, in run
    raise CalledProcessError(retcode, process.args,
subprocess.CalledProcessError: Command '['git', '-C', '/tmp/tmp9rte8dbt/repo', 'commit', '--quiet', '-m', 'initial']' returned non-zero exit status 1.

======================================================================
ERROR: test_stdout_carries_only_the_prompt (tests.test_installed_product.InstalledProductTests.test_stdout_carries_only_the_prompt)
----------------------------------------------------------------------
Traceback (most recent call last):
  File "/home/runner/work/scientific-software-development-protocol/scientific-software-development-protocol/orchestrator/tests/test_installed_product.py", line 100, in setUp
    self.repo = init_repo(self.case / "repo")
                ^^^^^^^^^^^^^^^^^^^^^^^^^^^^^
  File "/home/runner/work/scientific-software-development-protocol/scientific-software-development-protocol/orchestrator/tests/_support.py", line 75, in init_repo
    subprocess.run(
  File "/opt/hostedtoolcache/Python/3.12.14/x64/lib/python3.12/subprocess.py", line 571, in run
    raise CalledProcessError(retcode, process.args,
subprocess.CalledProcessError: Command '['git', '-C', '/tmp/tmprlvu75m8/repo', 'commit', '--quiet', '-m', 'initial']' returned non-zero exit status 1.

======================================================================
ERROR: test_task_outside_design_fails_at_the_cli (tests.test_installed_product.InstalledProductTests.test_task_outside_design_fails_at_the_cli)
----------------------------------------------------------------------
Traceback (most recent call last):
  File "/home/runner/work/scientific-software-development-protocol/scientific-software-development-protocol/orchestrator/tests/test_installed_product.py", line 100, in setUp
    self.repo = init_repo(self.case / "repo")
                ^^^^^^^^^^^^^^^^^^^^^^^^^^^^^
  File "/home/runner/work/scientific-software-development-protocol/scientific-software-development-protocol/orchestrator/tests/_support.py", line 75, in init_repo
    subprocess.run(
  File "/opt/hostedtoolcache/Python/3.12.14/x64/lib/python3.12/subprocess.py", line 571, in run
    raise CalledProcessError(retcode, process.args,
subprocess.CalledProcessError: Command '['git', '-C', '/tmp/tmpjo15n8u8/repo', 'commit', '--quiet', '-m', 'initial']' returned non-zero exit status 1.

======================================================================
ERROR: test_wheel_contains_no_root_namespace_init (tests.test_installed_product.InstalledProductTests.test_wheel_contains_no_root_namespace_init)
----------------------------------------------------------------------
Traceback (most recent call last):
  File "/home/runner/work/scientific-software-development-protocol/scientific-software-development-protocol/orchestrator/tests/test_installed_product.py", line 100, in setUp
    self.repo = init_repo(self.case / "repo")
                ^^^^^^^^^^^^^^^^^^^^^^^^^^^^^
  File "/home/runner/work/scientific-software-development-protocol/scientific-software-development-protocol/orchestrator/tests/_support.py", line 75, in init_repo
    subprocess.run(
  File "/opt/hostedtoolcache/Python/3.12.14/x64/lib/python3.12/subprocess.py", line 571, in run
    raise CalledProcessError(retcode, process.args,
subprocess.CalledProcessError: Command '['git', '-C', '/tmp/tmp_f74c08p/repo', 'commit', '--quiet', '-m', 'initial']' returned non-zero exit status 1.

======================================================================
ERROR: test_wheel_declares_the_console_script (tests.test_installed_product.InstalledProductTests.test_wheel_declares_the_console_script)
----------------------------------------------------------------------
Traceback (most recent call last):
  File "/home/runner/work/scientific-software-development-protocol/scientific-software-development-protocol/orchestrator/tests/test_installed_product.py", line 100, in setUp
    self.repo = init_repo(self.case / "repo")
                ^^^^^^^^^^^^^^^^^^^^^^^^^^^^^
  File "/home/runner/work/scientific-software-development-protocol/scientific-software-development-protocol/orchestrator/tests/_support.py", line 75, in init_repo
    subprocess.run(
  File "/opt/hostedtoolcache/Python/3.12.14/x64/lib/python3.12/subprocess.py", line 571, in run
    raise CalledProcessError(retcode, process.args,
subprocess.CalledProcessError: Command '['git', '-C', '/tmp/tmp6rrajb7r/repo', 'commit', '--quiet', '-m', 'initial']' returned non-zero exit status 1.

======================================================================
ERROR: test_wheel_ships_the_packaged_protocol_snapshot (tests.test_installed_product.InstalledProductTests.test_wheel_ships_the_packaged_protocol_snapshot)
----------------------------------------------------------------------
Traceback (most recent call last):
  File "/home/runner/work/scientific-software-development-protocol/scientific-software-development-protocol/orchestrator/tests/test_installed_product.py", line 100, in setUp
    self.repo = init_repo(self.case / "repo")
                ^^^^^^^^^^^^^^^^^^^^^^^^^^^^^
  File "/home/runner/work/scientific-software-development-protocol/scientific-software-development-protocol/orchestrator/tests/_support.py", line 75, in init_repo
    subprocess.run(
  File "/opt/hostedtoolcache/Python/3.12.14/x64/lib/python3.12/subprocess.py", line 571, in run
    raise CalledProcessError(retcode, process.args,
subprocess.CalledProcessError: Command '['git', '-C', '/tmp/tmpgqa06fe9/repo', 'commit', '--quiet', '-m', 'initial']' returned non-zero exit status 1.

======================================================================
ERROR: test_zero_install_launcher_matches_installed_cli_semantics (tests.test_installed_product.InstalledProductTests.test_zero_install_launcher_matches_installed_cli_semantics)
----------------------------------------------------------------------
Traceback (most recent call last):
  File "/home/runner/work/scientific-software-development-protocol/scientific-software-development-protocol/orchestrator/tests/test_installed_product.py", line 100, in setUp
    self.repo = init_repo(self.case / "repo")
                ^^^^^^^^^^^^^^^^^^^^^^^^^^^^^
  File "/home/runner/work/scientific-software-development-protocol/scientific-software-development-protocol/orchestrator/tests/_support.py", line 75, in init_repo
    subprocess.run(
  File "/opt/hostedtoolcache/Python/3.12.14/x64/lib/python3.12/subprocess.py", line 571, in run
    raise CalledProcessError(retcode, process.args,
subprocess.CalledProcessError: Command '['git', '-C', '/tmp/tmp27bgdk4g/repo', 'commit', '--quiet', '-m', 'initial']' returned non-zero exit status 1.

======================================================================
ERROR: test_zero_install_launcher_propagates_structured_failures (tests.test_installed_product.InstalledProductTests.test_zero_install_launcher_propagates_structured_failures)
----------------------------------------------------------------------
Traceback (most recent call last):
  File "/home/runner/work/scientific-software-development-protocol/scientific-software-development-protocol/orchestrator/tests/test_installed_product.py", line 100, in setUp
    self.repo = init_repo(self.case / "repo")
                ^^^^^^^^^^^^^^^^^^^^^^^^^^^^^
  File "/home/runner/work/scientific-software-development-protocol/scientific-software-development-protocol/orchestrator/tests/_support.py", line 75, in init_repo
    subprocess.run(
  File "/opt/hostedtoolcache/Python/3.12.14/x64/lib/python3.12/subprocess.py", line 571, in run
    raise CalledProcessError(retcode, process.args,
subprocess.CalledProcessError: Command '['git', '-C', '/tmp/tmppihb_nwg/repo', 'commit', '--quiet', '-m', 'initial']' returned non-zero exit status 1.

======================================================================
ERROR: test_zero_install_launcher_runs_from_outside_the_checkout (tests.test_installed_product.InstalledProductTests.test_zero_install_launcher_runs_from_outside_the_checkout)
----------------------------------------------------------------------
Traceback (most recent call last):
  File "/home/runner/work/scientific-software-development-protocol/scientific-software-development-protocol/orchestrator/tests/test_installed_product.py", line 100, in setUp
    self.repo = init_repo(self.case / "repo")
                ^^^^^^^^^^^^^^^^^^^^^^^^^^^^^
  File "/home/runner/work/scientific-software-development-protocol/scientific-software-development-protocol/orchestrator/tests/_support.py", line 75, in init_repo
    subprocess.run(
  File "/opt/hostedtoolcache/Python/3.12.14/x64/lib/python3.12/subprocess.py", line 571, in run
    raise CalledProcessError(retcode, process.args,
subprocess.CalledProcessError: Command '['git', '-C', '/tmp/tmpxokxufpa/repo', 'commit', '--quiet', '-m', 'initial']' returned non-zero exit status 1.

======================================================================
ERROR: test_zero_install_launcher_wins_over_a_stale_namespace_copy (tests.test_installed_product.InstalledProductTests.test_zero_install_launcher_wins_over_a_stale_namespace_copy)
----------------------------------------------------------------------
Traceback (most recent call last):
  File "/home/runner/work/scientific-software-development-protocol/scientific-software-development-protocol/orchestrator/tests/test_installed_product.py", line 100, in setUp
    self.repo = init_repo(self.case / "repo")
                ^^^^^^^^^^^^^^^^^^^^^^^^^^^^^
  File "/home/runner/work/scientific-software-development-protocol/scientific-software-development-protocol/orchestrator/tests/_support.py", line 75, in init_repo
    subprocess.run(
  File "/opt/hostedtoolcache/Python/3.12.14/x64/lib/python3.12/subprocess.py", line 571, in run
    raise CalledProcessError(retcode, process.args,
subprocess.CalledProcessError: Command '['git', '-C', '/tmp/tmp96cs0woe/repo', 'commit', '--quiet', '-m', 'initial']' returned non-zero exit status 1.

----------------------------------------------------------------------
Ran 32 tests in 18.119s

FAILED (errors=32)


======================================================================
tests.test_privacy_and_remote_truth
======================================================================
test_explicit_protocol_source_override_is_honoured (tests.test_privacy_and_remote_truth.ExplicitUserTextTests.test_explicit_protocol_source_override_is_honoured) ... ERROR
test_user_task_text_is_rendered_verbatim (tests.test_privacy_and_remote_truth.ExplicitUserTextTests.test_user_task_text_is_rendered_verbatim) ... ERROR
test_detached_head_renders_in_local_mode (tests.test_privacy_and_remote_truth.LocalModeTests.test_detached_head_renders_in_local_mode) ... ERROR
test_local_prompt_does_not_carry_credential_remotes (tests.test_privacy_and_remote_truth.LocalModeTests.test_local_prompt_does_not_carry_credential_remotes) ... ERROR
test_local_prompt_excludes_ambient_environment_values (tests.test_privacy_and_remote_truth.LocalModeTests.test_local_prompt_excludes_ambient_environment_values) ... ERROR
test_local_prompt_may_reference_the_authorized_worktree (tests.test_privacy_and_remote_truth.LocalModeTests.test_local_prompt_may_reference_the_authorized_worktree) ... ERROR
test_local_prompt_states_worktree_cleanliness_truthfully (tests.test_privacy_and_remote_truth.LocalModeTests.test_local_prompt_states_worktree_cleanliness_truthfully) ... ERROR
test_absent_remote_branch_blocks_web_mode (tests.test_privacy_and_remote_truth.WebAddressabilityTests.test_absent_remote_branch_blocks_web_mode)
A branch that does not exist on the remote is never rendered as a web target. ... ERROR
test_ambiguous_remotes_are_reported_not_guessed (tests.test_privacy_and_remote_truth.WebAddressabilityTests.test_ambiguous_remotes_are_reported_not_guessed) ... ERROR
test_cached_tracking_evidence_admits_a_web_render (tests.test_privacy_and_remote_truth.WebAddressabilityTests.test_cached_tracking_evidence_admits_a_web_render) ... ERROR
test_configured_remote_name_disambiguates (tests.test_privacy_and_remote_truth.WebAddressabilityTests.test_configured_remote_name_disambiguates) ... ERROR
test_detached_head_blocks_web_mode (tests.test_privacy_and_remote_truth.WebAddressabilityTests.test_detached_head_blocks_web_mode) ... ERROR
test_dirty_worktree_blocks_web_mode (tests.test_privacy_and_remote_truth.WebAddressabilityTests.test_dirty_worktree_blocks_web_mode) ... ERROR
test_explicit_freshness_rejects_age_unknown_cached_evidence (tests.test_privacy_and_remote_truth.WebAddressabilityTests.test_explicit_freshness_rejects_age_unknown_cached_evidence) ... ERROR
test_file_remote_is_rejected_for_web_mode (tests.test_privacy_and_remote_truth.WebAddressabilityTests.test_file_remote_is_rejected_for_web_mode) ... ERROR
test_filesystem_path_remote_is_rejected_for_web_mode (tests.test_privacy_and_remote_truth.WebAddressabilityTests.test_filesystem_path_remote_is_rejected_for_web_mode) ... ERROR
test_local_ahead_of_remote_blocks_web_mode (tests.test_privacy_and_remote_truth.WebAddressabilityTests.test_local_ahead_of_remote_blocks_web_mode) ... ERROR
test_local_only_observation_cannot_establish_a_web_target (tests.test_privacy_and_remote_truth.WebAddressabilityTests.test_local_only_observation_cannot_establish_a_web_target) ... ERROR
test_no_remote_at_all_is_reported (tests.test_privacy_and_remote_truth.WebAddressabilityTests.test_no_remote_at_all_is_reported) ... ERROR
test_refreshed_evidence_carries_a_real_age_for_the_freshness_bound (tests.test_privacy_and_remote_truth.WebAddressabilityTests.test_refreshed_evidence_carries_a_real_age_for_the_freshness_bound) ... ERROR
test_refreshed_evidence_is_labelled_distinctly (tests.test_privacy_and_remote_truth.WebAddressabilityTests.test_refreshed_evidence_is_labelled_distinctly) ... ERROR
test_remote_ahead_of_local_blocks_web_mode (tests.test_privacy_and_remote_truth.WebAddressabilityTests.test_remote_ahead_of_local_blocks_web_mode) ... ERROR
test_selected_fork_does_not_inherit_origin_upstream_evidence (tests.test_privacy_and_remote_truth.WebAddressabilityTests.test_selected_fork_does_not_inherit_origin_upstream_evidence) ... ERROR
test_selected_fork_uses_its_cached_same_branch_target (tests.test_privacy_and_remote_truth.WebAddressabilityTests.test_selected_fork_uses_its_cached_same_branch_target) ... ERROR
test_web_render_requires_known_target_existence (tests.test_privacy_and_remote_truth.WebAddressabilityTests.test_web_render_requires_known_target_existence) ... ERROR
test_ssh_remote_is_rendered_without_alteration_of_its_user (tests.test_privacy_and_remote_truth.WebLeakageTests.test_ssh_remote_is_rendered_without_alteration_of_its_user) ... ERROR
test_web_prompt_contains_no_credential_material (tests.test_privacy_and_remote_truth.WebLeakageTests.test_web_prompt_contains_no_credential_material) ... ERROR
test_web_prompt_contains_no_local_paths (tests.test_privacy_and_remote_truth.WebLeakageTests.test_web_prompt_contains_no_local_paths) ... ERROR
test_web_prompt_does_not_include_ambient_environment_values (tests.test_privacy_and_remote_truth.WebLeakageTests.test_web_prompt_does_not_include_ambient_environment_values) ... ERROR
test_web_prompt_protocol_source_stays_agent_facing (tests.test_privacy_and_remote_truth.WebLeakageTests.test_web_prompt_protocol_source_stays_agent_facing)
A local render source must never become the agent's PROTOCOL_SOURCE. ... ERROR
test_web_prompt_reports_the_exact_candidate_commit (tests.test_privacy_and_remote_truth.WebLeakageTests.test_web_prompt_reports_the_exact_candidate_commit) ... ERROR

======================================================================
ERROR: test_explicit_protocol_source_override_is_honoured (tests.test_privacy_and_remote_truth.ExplicitUserTextTests.test_explicit_protocol_source_override_is_honoured)
----------------------------------------------------------------------
Traceback (most recent call last):
  File "/home/runner/work/scientific-software-development-protocol/scientific-software-development-protocol/orchestrator/tests/test_privacy_and_remote_truth.py", line 50, in setUp
    self.repo = init_repo(self.root / "repo")
                ^^^^^^^^^^^^^^^^^^^^^^^^^^^^^
  File "/home/runner/work/scientific-software-development-protocol/scientific-software-development-protocol/orchestrator/tests/_support.py", line 75, in init_repo
    subprocess.run(
  File "/opt/hostedtoolcache/Python/3.12.14/x64/lib/python3.12/subprocess.py", line 571, in run
    raise CalledProcessError(retcode, process.args,
subprocess.CalledProcessError: Command '['git', '-C', '/tmp/tmpp4a8m3_d/zq7-private-marker-path/repo', 'commit', '--quiet', '-m', 'initial']' returned non-zero exit status 1.

======================================================================
ERROR: test_user_task_text_is_rendered_verbatim (tests.test_privacy_and_remote_truth.ExplicitUserTextTests.test_user_task_text_is_rendered_verbatim)
----------------------------------------------------------------------
Traceback (most recent call last):
  File "/home/runner/work/scientific-software-development-protocol/scientific-software-development-protocol/orchestrator/tests/test_privacy_and_remote_truth.py", line 50, in setUp
    self.repo = init_repo(self.root / "repo")
                ^^^^^^^^^^^^^^^^^^^^^^^^^^^^^
  File "/home/runner/work/scientific-software-development-protocol/scientific-software-development-protocol/orchestrator/tests/_support.py", line 75, in init_repo
    subprocess.run(
  File "/opt/hostedtoolcache/Python/3.12.14/x64/lib/python3.12/subprocess.py", line 571, in run
    raise CalledProcessError(retcode, process.args,
subprocess.CalledProcessError: Command '['git', '-C', '/tmp/tmplkq5rzpf/zq7-private-marker-path/repo', 'commit', '--quiet', '-m', 'initial']' returned non-zero exit status 1.

======================================================================
ERROR: test_detached_head_renders_in_local_mode (tests.test_privacy_and_remote_truth.LocalModeTests.test_detached_head_renders_in_local_mode)
----------------------------------------------------------------------
Traceback (most recent call last):
  File "/home/runner/work/scientific-software-development-protocol/scientific-software-development-protocol/orchestrator/tests/test_privacy_and_remote_truth.py", line 50, in setUp
    self.repo = init_repo(self.root / "repo")
                ^^^^^^^^^^^^^^^^^^^^^^^^^^^^^
  File "/home/runner/work/scientific-software-development-protocol/scientific-software-development-protocol/orchestrator/tests/_support.py", line 75, in init_repo
    subprocess.run(
  File "/opt/hostedtoolcache/Python/3.12.14/x64/lib/python3.12/subprocess.py", line 571, in run
    raise CalledProcessError(retcode, process.args,
subprocess.CalledProcessError: Command '['git', '-C', '/tmp/tmpmq6aycg1/zq7-private-marker-path/repo', 'commit', '--quiet', '-m', 'initial']' returned non-zero exit status 1.

======================================================================
ERROR: test_local_prompt_does_not_carry_credential_remotes (tests.test_privacy_and_remote_truth.LocalModeTests.test_local_prompt_does_not_carry_credential_remotes)
----------------------------------------------------------------------
Traceback (most recent call last):
  File "/home/runner/work/scientific-software-development-protocol/scientific-software-development-protocol/orchestrator/tests/test_privacy_and_remote_truth.py", line 50, in setUp
    self.repo = init_repo(self.root / "repo")
                ^^^^^^^^^^^^^^^^^^^^^^^^^^^^^
  File "/home/runner/work/scientific-software-development-protocol/scientific-software-development-protocol/orchestrator/tests/_support.py", line 75, in init_repo
    subprocess.run(
  File "/opt/hostedtoolcache/Python/3.12.14/x64/lib/python3.12/subprocess.py", line 571, in run
    raise CalledProcessError(retcode, process.args,
subprocess.CalledProcessError: Command '['git', '-C', '/tmp/tmpb1ssl34k/zq7-private-marker-path/repo', 'commit', '--quiet', '-m', 'initial']' returned non-zero exit status 1.

======================================================================
ERROR: test_local_prompt_excludes_ambient_environment_values (tests.test_privacy_and_remote_truth.LocalModeTests.test_local_prompt_excludes_ambient_environment_values)
----------------------------------------------------------------------
Traceback (most recent call last):
  File "/home/runner/work/scientific-software-development-protocol/scientific-software-development-protocol/orchestrator/tests/test_privacy_and_remote_truth.py", line 50, in setUp
    self.repo = init_repo(self.root / "repo")
                ^^^^^^^^^^^^^^^^^^^^^^^^^^^^^
  File "/home/runner/work/scientific-software-development-protocol/scientific-software-development-protocol/orchestrator/tests/_support.py", line 75, in init_repo
    subprocess.run(
  File "/opt/hostedtoolcache/Python/3.12.14/x64/lib/python3.12/subprocess.py", line 571, in run
    raise CalledProcessError(retcode, process.args,
subprocess.CalledProcessError: Command '['git', '-C', '/tmp/tmpt6fdywu2/zq7-private-marker-path/repo', 'commit', '--quiet', '-m', 'initial']' returned non-zero exit status 1.

======================================================================
ERROR: test_local_prompt_may_reference_the_authorized_worktree (tests.test_privacy_and_remote_truth.LocalModeTests.test_local_prompt_may_reference_the_authorized_worktree)
----------------------------------------------------------------------
Traceback (most recent call last):
  File "/home/runner/work/scientific-software-development-protocol/scientific-software-development-protocol/orchestrator/tests/test_privacy_and_remote_truth.py", line 50, in setUp
    self.repo = init_repo(self.root / "repo")
                ^^^^^^^^^^^^^^^^^^^^^^^^^^^^^
  File "/home/runner/work/scientific-software-development-protocol/scientific-software-development-protocol/orchestrator/tests/_support.py", line 75, in init_repo
    subprocess.run(
  File "/opt/hostedtoolcache/Python/3.12.14/x64/lib/python3.12/subprocess.py", line 571, in run
    raise CalledProcessError(retcode, process.args,
subprocess.CalledProcessError: Command '['git', '-C', '/tmp/tmp9h_yclqc/zq7-private-marker-path/repo', 'commit', '--quiet', '-m', 'initial']' returned non-zero exit status 1.

======================================================================
ERROR: test_local_prompt_states_worktree_cleanliness_truthfully (tests.test_privacy_and_remote_truth.LocalModeTests.test_local_prompt_states_worktree_cleanliness_truthfully)
----------------------------------------------------------------------
Traceback (most recent call last):
  File "/home/runner/work/scientific-software-development-protocol/scientific-software-development-protocol/orchestrator/tests/test_privacy_and_remote_truth.py", line 50, in setUp
    self.repo = init_repo(self.root / "repo")
                ^^^^^^^^^^^^^^^^^^^^^^^^^^^^^
  File "/home/runner/work/scientific-software-development-protocol/scientific-software-development-protocol/orchestrator/tests/_support.py", line 75, in init_repo
    subprocess.run(
  File "/opt/hostedtoolcache/Python/3.12.14/x64/lib/python3.12/subprocess.py", line 571, in run
    raise CalledProcessError(retcode, process.args,
subprocess.CalledProcessError: Command '['git', '-C', '/tmp/tmp2ti2spk5/zq7-private-marker-path/repo', 'commit', '--quiet', '-m', 'initial']' returned non-zero exit status 1.

======================================================================
ERROR: test_absent_remote_branch_blocks_web_mode (tests.test_privacy_and_remote_truth.WebAddressabilityTests.test_absent_remote_branch_blocks_web_mode)
A branch that does not exist on the remote is never rendered as a web target.
----------------------------------------------------------------------
Traceback (most recent call last):
  File "/home/runner/work/scientific-software-development-protocol/scientific-software-development-protocol/orchestrator/tests/test_privacy_and_remote_truth.py", line 50, in setUp
    self.repo = init_repo(self.root / "repo")
                ^^^^^^^^^^^^^^^^^^^^^^^^^^^^^
  File "/home/runner/work/scientific-software-development-protocol/scientific-software-development-protocol/orchestrator/tests/_support.py", line 75, in init_repo
    subprocess.run(
  File "/opt/hostedtoolcache/Python/3.12.14/x64/lib/python3.12/subprocess.py", line 571, in run
    raise CalledProcessError(retcode, process.args,
subprocess.CalledProcessError: Command '['git', '-C', '/tmp/tmp0fhlj7_f/zq7-private-marker-path/repo', 'commit', '--quiet', '-m', 'initial']' returned non-zero exit status 1.

======================================================================
ERROR: test_ambiguous_remotes_are_reported_not_guessed (tests.test_privacy_and_remote_truth.WebAddressabilityTests.test_ambiguous_remotes_are_reported_not_guessed)
----------------------------------------------------------------------
Traceback (most recent call last):
  File "/home/runner/work/scientific-software-development-protocol/scientific-software-development-protocol/orchestrator/tests/test_privacy_and_remote_truth.py", line 50, in setUp
    self.repo = init_repo(self.root / "repo")
                ^^^^^^^^^^^^^^^^^^^^^^^^^^^^^
  File "/home/runner/work/scientific-software-development-protocol/scientific-software-development-protocol/orchestrator/tests/_support.py", line 75, in init_repo
    subprocess.run(
  File "/opt/hostedtoolcache/Python/3.12.14/x64/lib/python3.12/subprocess.py", line 571, in run
    raise CalledProcessError(retcode, process.args,
subprocess.CalledProcessError: Command '['git', '-C', '/tmp/tmp3eewqzqp/zq7-private-marker-path/repo', 'commit', '--quiet', '-m', 'initial']' returned non-zero exit status 1.

======================================================================
ERROR: test_cached_tracking_evidence_admits_a_web_render (tests.test_privacy_and_remote_truth.WebAddressabilityTests.test_cached_tracking_evidence_admits_a_web_render)
----------------------------------------------------------------------
Traceback (most recent call last):
  File "/home/runner/work/scientific-software-development-protocol/scientific-software-development-protocol/orchestrator/tests/test_privacy_and_remote_truth.py", line 50, in setUp
    self.repo = init_repo(self.root / "repo")
                ^^^^^^^^^^^^^^^^^^^^^^^^^^^^^
  File "/home/runner/work/scientific-software-development-protocol/scientific-software-development-protocol/orchestrator/tests/_support.py", line 75, in init_repo
    subprocess.run(
  File "/opt/hostedtoolcache/Python/3.12.14/x64/lib/python3.12/subprocess.py", line 571, in run
    raise CalledProcessError(retcode, process.args,
subprocess.CalledProcessError: Command '['git', '-C', '/tmp/tmppu5a3j5s/zq7-private-marker-path/repo', 'commit', '--quiet', '-m', 'initial']' returned non-zero exit status 1.

======================================================================
ERROR: test_configured_remote_name_disambiguates (tests.test_privacy_and_remote_truth.WebAddressabilityTests.test_configured_remote_name_disambiguates)
----------------------------------------------------------------------
Traceback (most recent call last):
  File "/home/runner/work/scientific-software-development-protocol/scientific-software-development-protocol/orchestrator/tests/test_privacy_and_remote_truth.py", line 50, in setUp
    self.repo = init_repo(self.root / "repo")
                ^^^^^^^^^^^^^^^^^^^^^^^^^^^^^
  File "/home/runner/work/scientific-software-development-protocol/scientific-software-development-protocol/orchestrator/tests/_support.py", line 75, in init_repo
    subprocess.run(
  File "/opt/hostedtoolcache/Python/3.12.14/x64/lib/python3.12/subprocess.py", line 571, in run
    raise CalledProcessError(retcode, process.args,
subprocess.CalledProcessError: Command '['git', '-C', '/tmp/tmpsy4hkls5/zq7-private-marker-path/repo', 'commit', '--quiet', '-m', 'initial']' returned non-zero exit status 1.

======================================================================
ERROR: test_detached_head_blocks_web_mode (tests.test_privacy_and_remote_truth.WebAddressabilityTests.test_detached_head_blocks_web_mode)
----------------------------------------------------------------------
Traceback (most recent call last):
  File "/home/runner/work/scientific-software-development-protocol/scientific-software-development-protocol/orchestrator/tests/test_privacy_and_remote_truth.py", line 50, in setUp
    self.repo = init_repo(self.root / "repo")
                ^^^^^^^^^^^^^^^^^^^^^^^^^^^^^
  File "/home/runner/work/scientific-software-development-protocol/scientific-software-development-protocol/orchestrator/tests/_support.py", line 75, in init_repo
    subprocess.run(
  File "/opt/hostedtoolcache/Python/3.12.14/x64/lib/python3.12/subprocess.py", line 571, in run
    raise CalledProcessError(retcode, process.args,
subprocess.CalledProcessError: Command '['git', '-C', '/tmp/tmpp7c8p1mi/zq7-private-marker-path/repo', 'commit', '--quiet', '-m', 'initial']' returned non-zero exit status 1.

======================================================================
ERROR: test_dirty_worktree_blocks_web_mode (tests.test_privacy_and_remote_truth.WebAddressabilityTests.test_dirty_worktree_blocks_web_mode)
----------------------------------------------------------------------
Traceback (most recent call last):
  File "/home/runner/work/scientific-software-development-protocol/scientific-software-development-protocol/orchestrator/tests/test_privacy_and_remote_truth.py", line 50, in setUp
    self.repo = init_repo(self.root / "repo")
                ^^^^^^^^^^^^^^^^^^^^^^^^^^^^^
  File "/home/runner/work/scientific-software-development-protocol/scientific-software-development-protocol/orchestrator/tests/_support.py", line 75, in init_repo
    subprocess.run(
  File "/opt/hostedtoolcache/Python/3.12.14/x64/lib/python3.12/subprocess.py", line 571, in run
    raise CalledProcessError(retcode, process.args,
subprocess.CalledProcessError: Command '['git', '-C', '/tmp/tmpmmwedlde/zq7-private-marker-path/repo', 'commit', '--quiet', '-m', 'initial']' returned non-zero exit status 1.

======================================================================
ERROR: test_explicit_freshness_rejects_age_unknown_cached_evidence (tests.test_privacy_and_remote_truth.WebAddressabilityTests.test_explicit_freshness_rejects_age_unknown_cached_evidence)
----------------------------------------------------------------------
Traceback (most recent call last):
  File "/home/runner/work/scientific-software-development-protocol/scientific-software-development-protocol/orchestrator/tests/test_privacy_and_remote_truth.py", line 50, in setUp
    self.repo = init_repo(self.root / "repo")
                ^^^^^^^^^^^^^^^^^^^^^^^^^^^^^
  File "/home/runner/work/scientific-software-development-protocol/scientific-software-development-protocol/orchestrator/tests/_support.py", line 75, in init_repo
    subprocess.run(
  File "/opt/hostedtoolcache/Python/3.12.14/x64/lib/python3.12/subprocess.py", line 571, in run
    raise CalledProcessError(retcode, process.args,
subprocess.CalledProcessError: Command '['git', '-C', '/tmp/tmpoijftx47/zq7-private-marker-path/repo', 'commit', '--quiet', '-m', 'initial']' returned non-zero exit status 1.

======================================================================
ERROR: test_file_remote_is_rejected_for_web_mode (tests.test_privacy_and_remote_truth.WebAddressabilityTests.test_file_remote_is_rejected_for_web_mode)
----------------------------------------------------------------------
Traceback (most recent call last):
  File "/home/runner/work/scientific-software-development-protocol/scientific-software-development-protocol/orchestrator/tests/test_privacy_and_remote_truth.py", line 50, in setUp
    self.repo = init_repo(self.root / "repo")
                ^^^^^^^^^^^^^^^^^^^^^^^^^^^^^
  File "/home/runner/work/scientific-software-development-protocol/scientific-software-development-protocol/orchestrator/tests/_support.py", line 75, in init_repo
    subprocess.run(
  File "/opt/hostedtoolcache/Python/3.12.14/x64/lib/python3.12/subprocess.py", line 571, in run
    raise CalledProcessError(retcode, process.args,
subprocess.CalledProcessError: Command '['git', '-C', '/tmp/tmp2ti1hwx6/zq7-private-marker-path/repo', 'commit', '--quiet', '-m', 'initial']' returned non-zero exit status 1.

======================================================================
ERROR: test_filesystem_path_remote_is_rejected_for_web_mode (tests.test_privacy_and_remote_truth.WebAddressabilityTests.test_filesystem_path_remote_is_rejected_for_web_mode)
----------------------------------------------------------------------
Traceback (most recent call last):
  File "/home/runner/work/scientific-software-development-protocol/scientific-software-development-protocol/orchestrator/tests/test_privacy_and_remote_truth.py", line 50, in setUp
    self.repo = init_repo(self.root / "repo")
                ^^^^^^^^^^^^^^^^^^^^^^^^^^^^^
  File "/home/runner/work/scientific-software-development-protocol/scientific-software-development-protocol/orchestrator/tests/_support.py", line 75, in init_repo
    subprocess.run(
  File "/opt/hostedtoolcache/Python/3.12.14/x64/lib/python3.12/subprocess.py", line 571, in run
    raise CalledProcessError(retcode, process.args,
subprocess.CalledProcessError: Command '['git', '-C', '/tmp/tmp6yg1grqh/zq7-private-marker-path/repo', 'commit', '--quiet', '-m', 'initial']' returned non-zero exit status 1.

======================================================================
ERROR: test_local_ahead_of_remote_blocks_web_mode (tests.test_privacy_and_remote_truth.WebAddressabilityTests.test_local_ahead_of_remote_blocks_web_mode)
----------------------------------------------------------------------
Traceback (most recent call last):
  File "/home/runner/work/scientific-software-development-protocol/scientific-software-development-protocol/orchestrator/tests/test_privacy_and_remote_truth.py", line 50, in setUp
    self.repo = init_repo(self.root / "repo")
                ^^^^^^^^^^^^^^^^^^^^^^^^^^^^^
  File "/home/runner/work/scientific-software-development-protocol/scientific-software-development-protocol/orchestrator/tests/_support.py", line 75, in init_repo
    subprocess.run(
  File "/opt/hostedtoolcache/Python/3.12.14/x64/lib/python3.12/subprocess.py", line 571, in run
    raise CalledProcessError(retcode, process.args,
subprocess.CalledProcessError: Command '['git', '-C', '/tmp/tmpztozr5pe/zq7-private-marker-path/repo', 'commit', '--quiet', '-m', 'initial']' returned non-zero exit status 1.

======================================================================
ERROR: test_local_only_observation_cannot_establish_a_web_target (tests.test_privacy_and_remote_truth.WebAddressabilityTests.test_local_only_observation_cannot_establish_a_web_target)
----------------------------------------------------------------------
Traceback (most recent call last):
  File "/home/runner/work/scientific-software-development-protocol/scientific-software-development-protocol/orchestrator/tests/test_privacy_and_remote_truth.py", line 50, in setUp
    self.repo = init_repo(self.root / "repo")
                ^^^^^^^^^^^^^^^^^^^^^^^^^^^^^
  File "/home/runner/work/scientific-software-development-protocol/scientific-software-development-protocol/orchestrator/tests/_support.py", line 75, in init_repo
    subprocess.run(
  File "/opt/hostedtoolcache/Python/3.12.14/x64/lib/python3.12/subprocess.py", line 571, in run
    raise CalledProcessError(retcode, process.args,
subprocess.CalledProcessError: Command '['git', '-C', '/tmp/tmpdvag2lze/zq7-private-marker-path/repo', 'commit', '--quiet', '-m', 'initial']' returned non-zero exit status 1.

======================================================================
ERROR: test_no_remote_at_all_is_reported (tests.test_privacy_and_remote_truth.WebAddressabilityTests.test_no_remote_at_all_is_reported)
----------------------------------------------------------------------
Traceback (most recent call last):
  File "/home/runner/work/scientific-software-development-protocol/scientific-software-development-protocol/orchestrator/tests/test_privacy_and_remote_truth.py", line 50, in setUp
    self.repo = init_repo(self.root / "repo")
                ^^^^^^^^^^^^^^^^^^^^^^^^^^^^^
  File "/home/runner/work/scientific-software-development-protocol/scientific-software-development-protocol/orchestrator/tests/_support.py", line 75, in init_repo
    subprocess.run(
  File "/opt/hostedtoolcache/Python/3.12.14/x64/lib/python3.12/subprocess.py", line 571, in run
    raise CalledProcessError(retcode, process.args,
subprocess.CalledProcessError: Command '['git', '-C', '/tmp/tmpww_txnbp/zq7-private-marker-path/repo', 'commit', '--quiet', '-m', 'initial']' returned non-zero exit status 1.

======================================================================
ERROR: test_refreshed_evidence_carries_a_real_age_for_the_freshness_bound (tests.test_privacy_and_remote_truth.WebAddressabilityTests.test_refreshed_evidence_carries_a_real_age_for_the_freshness_bound)
----------------------------------------------------------------------
Traceback (most recent call last):
  File "/home/runner/work/scientific-software-development-protocol/scientific-software-development-protocol/orchestrator/tests/test_privacy_and_remote_truth.py", line 50, in setUp
    self.repo = init_repo(self.root / "repo")
                ^^^^^^^^^^^^^^^^^^^^^^^^^^^^^
  File "/home/runner/work/scientific-software-development-protocol/scientific-software-development-protocol/orchestrator/tests/_support.py", line 75, in init_repo
    subprocess.run(
  File "/opt/hostedtoolcache/Python/3.12.14/x64/lib/python3.12/subprocess.py", line 571, in run
    raise CalledProcessError(retcode, process.args,
subprocess.CalledProcessError: Command '['git', '-C', '/tmp/tmppt8yb6f5/zq7-private-marker-path/repo', 'commit', '--quiet', '-m', 'initial']' returned non-zero exit status 1.

======================================================================
ERROR: test_refreshed_evidence_is_labelled_distinctly (tests.test_privacy_and_remote_truth.WebAddressabilityTests.test_refreshed_evidence_is_labelled_distinctly)
----------------------------------------------------------------------
Traceback (most recent call last):
  File "/home/runner/work/scientific-software-development-protocol/scientific-software-development-protocol/orchestrator/tests/test_privacy_and_remote_truth.py", line 50, in setUp
    self.repo = init_repo(self.root / "repo")
                ^^^^^^^^^^^^^^^^^^^^^^^^^^^^^
  File "/home/runner/work/scientific-software-development-protocol/scientific-software-development-protocol/orchestrator/tests/_support.py", line 75, in init_repo
    subprocess.run(
  File "/opt/hostedtoolcache/Python/3.12.14/x64/lib/python3.12/subprocess.py", line 571, in run
    raise CalledProcessError(retcode, process.args,
subprocess.CalledProcessError: Command '['git', '-C', '/tmp/tmp03w2_xtb/zq7-private-marker-path/repo', 'commit', '--quiet', '-m', 'initial']' returned non-zero exit status 1.

======================================================================
ERROR: test_remote_ahead_of_local_blocks_web_mode (tests.test_privacy_and_remote_truth.WebAddressabilityTests.test_remote_ahead_of_local_blocks_web_mode)
----------------------------------------------------------------------
Traceback (most recent call last):
  File "/home/runner/work/scientific-software-development-protocol/scientific-software-development-protocol/orchestrator/tests/test_privacy_and_remote_truth.py", line 50, in setUp
    self.repo = init_repo(self.root / "repo")
                ^^^^^^^^^^^^^^^^^^^^^^^^^^^^^
  File "/home/runner/work/scientific-software-development-protocol/scientific-software-development-protocol/orchestrator/tests/_support.py", line 75, in init_repo
    subprocess.run(
  File "/opt/hostedtoolcache/Python/3.12.14/x64/lib/python3.12/subprocess.py", line 571, in run
    raise CalledProcessError(retcode, process.args,
subprocess.CalledProcessError: Command '['git', '-C', '/tmp/tmp6x2cx4z2/zq7-private-marker-path/repo', 'commit', '--quiet', '-m', 'initial']' returned non-zero exit status 1.

======================================================================
ERROR: test_selected_fork_does_not_inherit_origin_upstream_evidence (tests.test_privacy_and_remote_truth.WebAddressabilityTests.test_selected_fork_does_not_inherit_origin_upstream_evidence)
----------------------------------------------------------------------
Traceback (most recent call last):
  File "/home/runner/work/scientific-software-development-protocol/scientific-software-development-protocol/orchestrator/tests/test_privacy_and_remote_truth.py", line 50, in setUp
    self.repo = init_repo(self.root / "repo")
                ^^^^^^^^^^^^^^^^^^^^^^^^^^^^^
  File "/home/runner/work/scientific-software-development-protocol/scientific-software-development-protocol/orchestrator/tests/_support.py", line 75, in init_repo
    subprocess.run(
  File "/opt/hostedtoolcache/Python/3.12.14/x64/lib/python3.12/subprocess.py", line 571, in run
    raise CalledProcessError(retcode, process.args,
subprocess.CalledProcessError: Command '['git', '-C', '/tmp/tmpg369q9br/zq7-private-marker-path/repo', 'commit', '--quiet', '-m', 'initial']' returned non-zero exit status 1.

======================================================================
ERROR: test_selected_fork_uses_its_cached_same_branch_target (tests.test_privacy_and_remote_truth.WebAddressabilityTests.test_selected_fork_uses_its_cached_same_branch_target)
----------------------------------------------------------------------
Traceback (most recent call last):
  File "/home/runner/work/scientific-software-development-protocol/scientific-software-development-protocol/orchestrator/tests/test_privacy_and_remote_truth.py", line 50, in setUp
    self.repo = init_repo(self.root / "repo")
                ^^^^^^^^^^^^^^^^^^^^^^^^^^^^^
  File "/home/runner/work/scientific-software-development-protocol/scientific-software-development-protocol/orchestrator/tests/_support.py", line 75, in init_repo
    subprocess.run(
  File "/opt/hostedtoolcache/Python/3.12.14/x64/lib/python3.12/subprocess.py", line 571, in run
    raise CalledProcessError(retcode, process.args,
subprocess.CalledProcessError: Command '['git', '-C', '/tmp/tmph2lcdfy1/zq7-private-marker-path/repo', 'commit', '--quiet', '-m', 'initial']' returned non-zero exit status 1.

======================================================================
ERROR: test_web_render_requires_known_target_existence (tests.test_privacy_and_remote_truth.WebAddressabilityTests.test_web_render_requires_known_target_existence)
----------------------------------------------------------------------
Traceback (most recent call last):
  File "/home/runner/work/scientific-software-development-protocol/scientific-software-development-protocol/orchestrator/tests/test_privacy_and_remote_truth.py", line 50, in setUp
    self.repo = init_repo(self.root / "repo")
                ^^^^^^^^^^^^^^^^^^^^^^^^^^^^^
  File "/home/runner/work/scientific-software-development-protocol/scientific-software-development-protocol/orchestrator/tests/_support.py", line 75, in init_repo
    subprocess.run(
  File "/opt/hostedtoolcache/Python/3.12.14/x64/lib/python3.12/subprocess.py", line 571, in run
    raise CalledProcessError(retcode, process.args,
subprocess.CalledProcessError: Command '['git', '-C', '/tmp/tmpodqioban/zq7-private-marker-path/repo', 'commit', '--quiet', '-m', 'initial']' returned non-zero exit status 1.

======================================================================
ERROR: test_ssh_remote_is_rendered_without_alteration_of_its_user (tests.test_privacy_and_remote_truth.WebLeakageTests.test_ssh_remote_is_rendered_without_alteration_of_its_user)
----------------------------------------------------------------------
Traceback (most recent call last):
  File "/home/runner/work/scientific-software-development-protocol/scientific-software-development-protocol/orchestrator/tests/test_privacy_and_remote_truth.py", line 50, in setUp
    self.repo = init_repo(self.root / "repo")
                ^^^^^^^^^^^^^^^^^^^^^^^^^^^^^
  File "/home/runner/work/scientific-software-development-protocol/scientific-software-development-protocol/orchestrator/tests/_support.py", line 75, in init_repo
    subprocess.run(
  File "/opt/hostedtoolcache/Python/3.12.14/x64/lib/python3.12/subprocess.py", line 571, in run
    raise CalledProcessError(retcode, process.args,
subprocess.CalledProcessError: Command '['git', '-C', '/tmp/tmpha4wyg4e/zq7-private-marker-path/repo', 'commit', '--quiet', '-m', 'initial']' returned non-zero exit status 1.

======================================================================
ERROR: test_web_prompt_contains_no_credential_material (tests.test_privacy_and_remote_truth.WebLeakageTests.test_web_prompt_contains_no_credential_material)
----------------------------------------------------------------------
Traceback (most recent call last):
  File "/home/runner/work/scientific-software-development-protocol/scientific-software-development-protocol/orchestrator/tests/test_privacy_and_remote_truth.py", line 50, in setUp
    self.repo = init_repo(self.root / "repo")
                ^^^^^^^^^^^^^^^^^^^^^^^^^^^^^
  File "/home/runner/work/scientific-software-development-protocol/scientific-software-development-protocol/orchestrator/tests/_support.py", line 75, in init_repo
    subprocess.run(
  File "/opt/hostedtoolcache/Python/3.12.14/x64/lib/python3.12/subprocess.py", line 571, in run
    raise CalledProcessError(retcode, process.args,
subprocess.CalledProcessError: Command '['git', '-C', '/tmp/tmprd145u9o/zq7-private-marker-path/repo', 'commit', '--quiet', '-m', 'initial']' returned non-zero exit status 1.

======================================================================
ERROR: test_web_prompt_contains_no_local_paths (tests.test_privacy_and_remote_truth.WebLeakageTests.test_web_prompt_contains_no_local_paths)
----------------------------------------------------------------------
Traceback (most recent call last):
  File "/home/runner/work/scientific-software-development-protocol/scientific-software-development-protocol/orchestrator/tests/test_privacy_and_remote_truth.py", line 50, in setUp
    self.repo = init_repo(self.root / "repo")
                ^^^^^^^^^^^^^^^^^^^^^^^^^^^^^
  File "/home/runner/work/scientific-software-development-protocol/scientific-software-development-protocol/orchestrator/tests/_support.py", line 75, in init_repo
    subprocess.run(
  File "/opt/hostedtoolcache/Python/3.12.14/x64/lib/python3.12/subprocess.py", line 571, in run
    raise CalledProcessError(retcode, process.args,
subprocess.CalledProcessError: Command '['git', '-C', '/tmp/tmp6dcpzx2t/zq7-private-marker-path/repo', 'commit', '--quiet', '-m', 'initial']' returned non-zero exit status 1.

======================================================================
ERROR: test_web_prompt_does_not_include_ambient_environment_values (tests.test_privacy_and_remote_truth.WebLeakageTests.test_web_prompt_does_not_include_ambient_environment_values)
----------------------------------------------------------------------
Traceback (most recent call last):
  File "/home/runner/work/scientific-software-development-protocol/scientific-software-development-protocol/orchestrator/tests/test_privacy_and_remote_truth.py", line 50, in setUp
    self.repo = init_repo(self.root / "repo")
                ^^^^^^^^^^^^^^^^^^^^^^^^^^^^^
  File "/home/runner/work/scientific-software-development-protocol/scientific-software-development-protocol/orchestrator/tests/_support.py", line 75, in init_repo
    subprocess.run(
  File "/opt/hostedtoolcache/Python/3.12.14/x64/lib/python3.12/subprocess.py", line 571, in run
    raise CalledProcessError(retcode, process.args,
subprocess.CalledProcessError: Command '['git', '-C', '/tmp/tmpbpfyug62/zq7-private-marker-path/repo', 'commit', '--quiet', '-m', 'initial']' returned non-zero exit status 1.

======================================================================
ERROR: test_web_prompt_protocol_source_stays_agent_facing (tests.test_privacy_and_remote_truth.WebLeakageTests.test_web_prompt_protocol_source_stays_agent_facing)
A local render source must never become the agent's PROTOCOL_SOURCE.
----------------------------------------------------------------------
Traceback (most recent call last):
  File "/home/runner/work/scientific-software-development-protocol/scientific-software-development-protocol/orchestrator/tests/test_privacy_and_remote_truth.py", line 50, in setUp
    self.repo = init_repo(self.root / "repo")
                ^^^^^^^^^^^^^^^^^^^^^^^^^^^^^
  File "/home/runner/work/scientific-software-development-protocol/scientific-software-development-protocol/orchestrator/tests/_support.py", line 75, in init_repo
    subprocess.run(
  File "/opt/hostedtoolcache/Python/3.12.14/x64/lib/python3.12/subprocess.py", line 571, in run
    raise CalledProcessError(retcode, process.args,
subprocess.CalledProcessError: Command '['git', '-C', '/tmp/tmp_ltij5jv/zq7-private-marker-path/repo', 'commit', '--quiet', '-m', 'initial']' returned non-zero exit status 1.

======================================================================
ERROR: test_web_prompt_reports_the_exact_candidate_commit (tests.test_privacy_and_remote_truth.WebLeakageTests.test_web_prompt_reports_the_exact_candidate_commit)
----------------------------------------------------------------------
Traceback (most recent call last):
  File "/home/runner/work/scientific-software-development-protocol/scientific-software-development-protocol/orchestrator/tests/test_privacy_and_remote_truth.py", line 50, in setUp
    self.repo = init_repo(self.root / "repo")
                ^^^^^^^^^^^^^^^^^^^^^^^^^^^^^
  File "/home/runner/work/scientific-software-development-protocol/scientific-software-development-protocol/orchestrator/tests/_support.py", line 75, in init_repo
    subprocess.run(
  File "/opt/hostedtoolcache/Python/3.12.14/x64/lib/python3.12/subprocess.py", line 571, in run
    raise CalledProcessError(retcode, process.args,
subprocess.CalledProcessError: Command '['git', '-C', '/tmp/tmpqbevuy4s/zq7-private-marker-path/repo', 'commit', '--quiet', '-m', 'initial']' returned non-zero exit status 1.

----------------------------------------------------------------------
Ran 31 tests in 0.569s

FAILED (errors=31)


======================================================================
tests.test_protocol_source_and_profile
======================================================================
test_bodies_are_pairwise_distinct (tests.test_protocol_source_and_profile.CanonicalExtractionTests.test_bodies_are_pairwise_distinct) ... ok
test_conflicting_numbered_stage_heading_is_incoherent (tests.test_protocol_source_and_profile.CanonicalExtractionTests.test_conflicting_numbered_stage_heading_is_incoherent) ... ok
test_duplicate_stage_heading_is_incoherent (tests.test_protocol_source_and_profile.CanonicalExtractionTests.test_duplicate_stage_heading_is_incoherent) ... ok
test_each_body_is_the_literal_fenced_block_of_its_heading (tests.test_protocol_source_and_profile.CanonicalExtractionTests.test_each_body_is_the_literal_fenced_block_of_its_heading) ... ok
test_every_canonical_stage_is_extracted_from_real_source (tests.test_protocol_source_and_profile.CanonicalExtractionTests.test_every_canonical_stage_is_extracted_from_real_source) ... ok
test_extra_numbered_stage_heading_is_incoherent (tests.test_protocol_source_and_profile.CanonicalExtractionTests.test_extra_numbered_stage_heading_is_incoherent) ... ok
test_missing_stage_heading_is_incoherent (tests.test_protocol_source_and_profile.CanonicalExtractionTests.test_missing_stage_heading_is_incoherent) ... ok
test_oversized_source_is_rejected (tests.test_protocol_source_and_profile.CanonicalExtractionTests.test_oversized_source_is_rejected) ... ok
test_two_text_blocks_under_one_heading_is_incoherent (tests.test_protocol_source_and_profile.CanonicalExtractionTests.test_two_text_blocks_under_one_heading_is_incoherent) ... ok
test_unclassified_input_is_rejected_rather_than_rendered_blank (tests.test_protocol_source_and_profile.CanonicalExtractionTests.test_unclassified_input_is_rejected_rather_than_rendered_blank) ... ok
test_changed_local_source_changes_identity (tests.test_protocol_source_and_profile.LocalSourceTests.test_changed_local_source_changes_identity) ... ok
test_compatible_local_source_takes_precedence (tests.test_protocol_source_and_profile.LocalSourceTests.test_compatible_local_source_takes_precedence) ... ok
test_incompatible_local_version_fails_rather_than_defaulting (tests.test_protocol_source_and_profile.LocalSourceTests.test_incompatible_local_version_fails_rather_than_defaulting) ... ok
test_missing_local_file_is_unavailable (tests.test_protocol_source_and_profile.LocalSourceTests.test_missing_local_file_is_unavailable) ... ok
test_remote_is_off_by_default (tests.test_protocol_source_and_profile.LocalSourceTests.test_remote_is_off_by_default) ... ok
test_unknown_profile_id_is_incompatible (tests.test_protocol_source_and_profile.LocalSourceTests.test_unknown_profile_id_is_incompatible) ... ok
test_generator_check_mode_agrees (tests.test_protocol_source_and_profile.PackagedSnapshotTests.test_generator_check_mode_agrees) ... ok
test_generator_rejects_a_canonical_version_mismatch (tests.test_protocol_source_and_profile.PackagedSnapshotTests.test_generator_rejects_a_canonical_version_mismatch) ... ok
test_packaged_profile_contains_no_prompt_prose (tests.test_protocol_source_and_profile.PackagedSnapshotTests.test_packaged_profile_contains_no_prompt_prose)
Prose has exactly one authority; the profile is control metadata only. ... ok
test_packaged_profile_is_the_reproducible_derivative (tests.test_protocol_source_and_profile.PackagedSnapshotTests.test_packaged_profile_is_the_reproducible_derivative) ... ok
test_packaged_prompts_are_byte_identical_to_canonical_source (tests.test_protocol_source_and_profile.PackagedSnapshotTests.test_packaged_prompts_are_byte_identical_to_canonical_source) ... ok
test_packaged_snapshot_resolves_without_configuration (tests.test_protocol_source_and_profile.PackagedSnapshotTests.test_packaged_snapshot_resolves_without_configuration) ... ok
test_tampered_packaged_profile_is_detected (tests.test_protocol_source_and_profile.PackagedSnapshotTests.test_tampered_packaged_profile_is_detected) ... ok
test_alias_resolves_through_the_profile (tests.test_protocol_source_and_profile.ProfileConservatismTests.test_alias_resolves_through_the_profile) ... ok
test_blocker_routing_preserves_authority_context_alternatives (tests.test_protocol_source_and_profile.ProfileConservatismTests.test_blocker_routing_preserves_authority_context_alternatives) ... ok
test_every_transition_trigger_is_a_recognized_outcome (tests.test_protocol_source_and_profile.ProfileConservatismTests.test_every_transition_trigger_is_a_recognized_outcome) ... ok
test_optional_routing_stays_ambiguous_rather_than_deterministic (tests.test_protocol_source_and_profile.ProfileConservatismTests.test_optional_routing_stays_ambiguous_rather_than_deterministic)
Protocol 5.16 leaves the stage after a passing Review context-dependent. ... ok
test_profile_json_round_trips (tests.test_protocol_source_and_profile.ProfileConservatismTests.test_profile_json_round_trips) ... ok
test_stage_refs_are_profile_bound (tests.test_protocol_source_and_profile.ProfileConservatismTests.test_stage_refs_are_profile_bound) ... ok
test_terminal_outcomes_are_marked_terminal (tests.test_protocol_source_and_profile.ProfileConservatismTests.test_terminal_outcomes_are_marked_terminal) ... ok
test_unknown_stage_selector_fails (tests.test_protocol_source_and_profile.ProfileConservatismTests.test_unknown_stage_selector_fails) ... ok
test_workplan_policies_match_the_frozen_stage_table (tests.test_protocol_source_and_profile.ProfileConservatismTests.test_workplan_policies_match_the_frozen_stage_table) ... ok
test_absent_ref_is_unavailable (tests.test_protocol_source_and_profile.RemoteSourceTests.test_absent_ref_is_unavailable) ... ERROR
test_all_files_come_from_the_pinned_identity (tests.test_protocol_source_and_profile.RemoteSourceTests.test_all_files_come_from_the_pinned_identity) ... ERROR
test_explicit_ref_resolves_once_to_an_immutable_commit (tests.test_protocol_source_and_profile.RemoteSourceTests.test_explicit_ref_resolves_once_to_an_immutable_commit) ... ERROR
test_incompatible_remote_version_fails (tests.test_protocol_source_and_profile.RemoteSourceTests.test_incompatible_remote_version_fails) ... ERROR
test_missing_required_file_is_incoherent (tests.test_protocol_source_and_profile.RemoteSourceTests.test_missing_required_file_is_incoherent) ... ERROR

======================================================================
ERROR: test_absent_ref_is_unavailable (tests.test_protocol_source_and_profile.RemoteSourceTests.test_absent_ref_is_unavailable)
----------------------------------------------------------------------
Traceback (most recent call last):
  File "/home/runner/work/scientific-software-development-protocol/scientific-software-development-protocol/orchestrator/tests/test_protocol_source_and_profile.py", line 323, in setUp
    self.upstream = init_repo(self.root / "upstream")
                    ^^^^^^^^^^^^^^^^^^^^^^^^^^^^^^^^^
  File "/home/runner/work/scientific-software-development-protocol/scientific-software-development-protocol/orchestrator/tests/_support.py", line 75, in init_repo
    subprocess.run(
  File "/opt/hostedtoolcache/Python/3.12.14/x64/lib/python3.12/subprocess.py", line 571, in run
    raise CalledProcessError(retcode, process.args,
subprocess.CalledProcessError: Command '['git', '-C', '/tmp/tmpxspbupb9/upstream', 'commit', '--quiet', '-m', 'initial']' returned non-zero exit status 1.

======================================================================
ERROR: test_all_files_come_from_the_pinned_identity (tests.test_protocol_source_and_profile.RemoteSourceTests.test_all_files_come_from_the_pinned_identity)
----------------------------------------------------------------------
Traceback (most recent call last):
  File "/home/runner/work/scientific-software-development-protocol/scientific-software-development-protocol/orchestrator/tests/test_protocol_source_and_profile.py", line 323, in setUp
    self.upstream = init_repo(self.root / "upstream")
                    ^^^^^^^^^^^^^^^^^^^^^^^^^^^^^^^^^
  File "/home/runner/work/scientific-software-development-protocol/scientific-software-development-protocol/orchestrator/tests/_support.py", line 75, in init_repo
    subprocess.run(
  File "/opt/hostedtoolcache/Python/3.12.14/x64/lib/python3.12/subprocess.py", line 571, in run
    raise CalledProcessError(retcode, process.args,
subprocess.CalledProcessError: Command '['git', '-C', '/tmp/tmpck0b95ec/upstream', 'commit', '--quiet', '-m', 'initial']' returned non-zero exit status 1.

======================================================================
ERROR: test_explicit_ref_resolves_once_to_an_immutable_commit (tests.test_protocol_source_and_profile.RemoteSourceTests.test_explicit_ref_resolves_once_to_an_immutable_commit)
----------------------------------------------------------------------
Traceback (most recent call last):
  File "/home/runner/work/scientific-software-development-protocol/scientific-software-development-protocol/orchestrator/tests/test_protocol_source_and_profile.py", line 323, in setUp
    self.upstream = init_repo(self.root / "upstream")
                    ^^^^^^^^^^^^^^^^^^^^^^^^^^^^^^^^^
  File "/home/runner/work/scientific-software-development-protocol/scientific-software-development-protocol/orchestrator/tests/_support.py", line 75, in init_repo
    subprocess.run(
  File "/opt/hostedtoolcache/Python/3.12.14/x64/lib/python3.12/subprocess.py", line 571, in run
    raise CalledProcessError(retcode, process.args,
subprocess.CalledProcessError: Command '['git', '-C', '/tmp/tmp3xmjipjh/upstream', 'commit', '--quiet', '-m', 'initial']' returned non-zero exit status 1.

======================================================================
ERROR: test_incompatible_remote_version_fails (tests.test_protocol_source_and_profile.RemoteSourceTests.test_incompatible_remote_version_fails)
----------------------------------------------------------------------
Traceback (most recent call last):
  File "/home/runner/work/scientific-software-development-protocol/scientific-software-development-protocol/orchestrator/tests/test_protocol_source_and_profile.py", line 323, in setUp
    self.upstream = init_repo(self.root / "upstream")
                    ^^^^^^^^^^^^^^^^^^^^^^^^^^^^^^^^^
  File "/home/runner/work/scientific-software-development-protocol/scientific-software-development-protocol/orchestrator/tests/_support.py", line 75, in init_repo
    subprocess.run(
  File "/opt/hostedtoolcache/Python/3.12.14/x64/lib/python3.12/subprocess.py", line 571, in run
    raise CalledProcessError(retcode, process.args,
subprocess.CalledProcessError: Command '['git', '-C', '/tmp/tmpsayixa8n/upstream', 'commit', '--quiet', '-m', 'initial']' returned non-zero exit status 1.

======================================================================
ERROR: test_missing_required_file_is_incoherent (tests.test_protocol_source_and_profile.RemoteSourceTests.test_missing_required_file_is_incoherent)
----------------------------------------------------------------------
Traceback (most recent call last):
  File "/home/runner/work/scientific-software-development-protocol/scientific-software-development-protocol/orchestrator/tests/test_protocol_source_and_profile.py", line 323, in setUp
    self.upstream = init_repo(self.root / "upstream")
                    ^^^^^^^^^^^^^^^^^^^^^^^^^^^^^^^^^
  File "/home/runner/work/scientific-software-development-protocol/scientific-software-development-protocol/orchestrator/tests/_support.py", line 75, in init_repo
    subprocess.run(
  File "/opt/hostedtoolcache/Python/3.12.14/x64/lib/python3.12/subprocess.py", line 571, in run
    raise CalledProcessError(retcode, process.args,
subprocess.CalledProcessError: Command '['git', '-C', '/tmp/tmpf4en81y2/upstream', 'commit', '--quiet', '-m', 'initial']' returned non-zero exit status 1.

----------------------------------------------------------------------
Ran 37 tests in 0.495s

FAILED (errors=5)


======================================================================
tests.test_public_api_seam
======================================================================
test_external_admission_sees_a_complete_preparation_and_no_prompt (tests.test_public_api_seam.AdapterShapedSeamTests.test_external_admission_sees_a_complete_preparation_and_no_prompt) ... ERROR
test_one_preparation_can_render_either_mode_subject_to_feasibility (tests.test_public_api_seam.AdapterShapedSeamTests.test_one_preparation_can_render_either_mode_subject_to_feasibility) ... ERROR
test_preparation_carries_no_prompt_execution_mode (tests.test_public_api_seam.AdapterShapedSeamTests.test_preparation_carries_no_prompt_execution_mode) ... ERROR
test_prepared_prompt_survives_serialization_across_a_process_boundary (tests.test_public_api_seam.AdapterShapedSeamTests.test_prepared_prompt_survives_serialization_across_a_process_boundary) ... ERROR
test_stage_selector_is_a_plain_string_and_stage_ref_is_a_record (tests.test_public_api_seam.StageIdentityTests.test_stage_selector_is_a_plain_string_and_stage_ref_is_a_record) ... ERROR
test_stage_selector_resolves_only_through_a_compatible_profile (tests.test_public_api_seam.StageIdentityTests.test_stage_selector_resolves_only_through_a_compatible_profile) ... ERROR
test_unknown_stage_is_rejected (tests.test_public_api_seam.StageIdentityTests.test_unknown_stage_is_rejected) ... ERROR
test_all_documented_error_codes_exist (tests.test_public_api_seam.SurfaceCompletenessTests.test_all_documented_error_codes_exist) ... ERROR
test_application_api_protocol_is_satisfied (tests.test_public_api_seam.SurfaceCompletenessTests.test_application_api_protocol_is_satisfied) ... ERROR
test_core_api_protocol_is_satisfied_by_the_implementation (tests.test_public_api_seam.SurfaceCompletenessTests.test_core_api_protocol_is_satisfied_by_the_implementation) ... ERROR
test_core_capabilities_are_provisioned (tests.test_public_api_seam.SurfaceCompletenessTests.test_core_capabilities_are_provisioned) ... ERROR
test_no_private_object_leaks_through_public_records (tests.test_public_api_seam.SurfaceCompletenessTests.test_no_private_object_leaks_through_public_records)
A public record must never carry a live implementation object. ... ERROR
test_pagination_uses_opaque_cursors (tests.test_public_api_seam.SurfaceCompletenessTests.test_pagination_uses_opaque_cursors) ... ERROR
test_problem_is_json_safe (tests.test_public_api_seam.SurfaceCompletenessTests.test_problem_is_json_safe) ... ERROR
test_problem_retryable_is_structured_advisory_data (tests.test_public_api_seam.SurfaceCompletenessTests.test_problem_retryable_is_structured_advisory_data) ... ERROR
test_public_modules_export_no_private_names (tests.test_public_api_seam.SurfaceCompletenessTests.test_public_modules_export_no_private_names) ... ERROR
test_public_signatures_do_not_mention_implementation_types (tests.test_public_api_seam.SurfaceCompletenessTests.test_public_signatures_do_not_mention_implementation_types) ... ERROR
test_there_is_one_error_type_not_a_hierarchy (tests.test_public_api_seam.SurfaceCompletenessTests.test_there_is_one_error_type_not_a_hierarchy) ... ERROR
test_explicit_only_stage_rejects_an_explicit_unsupported_protocol_version (tests.test_public_api_seam.WorkplanOwnershipTests.test_explicit_only_stage_rejects_an_explicit_unsupported_protocol_version) ... ERROR
test_explicit_only_stage_tolerates_incomplete_protocol_metadata (tests.test_public_api_seam.WorkplanOwnershipTests.test_explicit_only_stage_tolerates_incomplete_protocol_metadata)
An optional authority is evidence; it does not decide the governing contract. ... ERROR
test_explicit_optional_workplan_protocol_precedes_project_default (tests.test_public_api_seam.WorkplanOwnershipTests.test_explicit_optional_workplan_protocol_precedes_project_default) ... ERROR
test_explicit_profile_identity_fields_are_not_silently_rewritten (tests.test_public_api_seam.WorkplanOwnershipTests.test_explicit_profile_identity_fields_are_not_silently_rewritten) ... ERROR
test_explicit_required_workplan_protocol_precedes_project_default (tests.test_public_api_seam.WorkplanOwnershipTests.test_explicit_required_workplan_protocol_precedes_project_default) ... ERROR
test_governing_workplan_precedes_an_explicit_profile (tests.test_public_api_seam.WorkplanOwnershipTests.test_governing_workplan_precedes_an_explicit_profile) ... ERROR
test_governing_workplan_without_protocol_version_fails_for_required_stages (tests.test_public_api_seam.WorkplanOwnershipTests.test_governing_workplan_without_protocol_version_fails_for_required_stages) ... ERROR
test_list_stages_is_a_view_of_the_same_descriptor (tests.test_public_api_seam.WorkplanOwnershipTests.test_list_stages_is_a_view_of_the_same_descriptor) ... ERROR
test_no_workplan_selector_uses_the_configured_profile (tests.test_public_api_seam.WorkplanOwnershipTests.test_no_workplan_selector_uses_the_configured_profile) ... ERROR
test_resolve_workplan_honors_profile_bound_stage_over_project_default (tests.test_public_api_seam.WorkplanOwnershipTests.test_resolve_workplan_honors_profile_bound_stage_over_project_default)
A bound StageRef must not be vetoed by a lower-precedence project profile. ... ERROR
test_resolve_workplan_is_the_public_selection_owner (tests.test_public_api_seam.WorkplanOwnershipTests.test_resolve_workplan_is_the_public_selection_owner) ... ERROR
test_resolve_workplan_rejects_an_unsupported_stage_profile (tests.test_public_api_seam.WorkplanOwnershipTests.test_resolve_workplan_rejects_an_unsupported_stage_profile) ... ERROR
test_workflow_follows_the_governing_workplan_protocol (tests.test_public_api_seam.WorkplanOwnershipTests.test_workflow_follows_the_governing_workplan_protocol)
A governing plan on an unsupported protocol fails; it is never coerced to 5.16. ... ERROR

======================================================================
ERROR: test_external_admission_sees_a_complete_preparation_and_no_prompt (tests.test_public_api_seam.AdapterShapedSeamTests.test_external_admission_sees_a_complete_preparation_and_no_prompt)
----------------------------------------------------------------------
Traceback (most recent call last):
  File "/home/runner/work/scientific-software-development-protocol/scientific-software-development-protocol/orchestrator/tests/test_public_api_seam.py", line 29, in setUp
    self.repo = init_repo(self.root / "repo")
                ^^^^^^^^^^^^^^^^^^^^^^^^^^^^^
  File "/home/runner/work/scientific-software-development-protocol/scientific-software-development-protocol/orchestrator/tests/_support.py", line 75, in init_repo
    subprocess.run(
  File "/opt/hostedtoolcache/Python/3.12.14/x64/lib/python3.12/subprocess.py", line 571, in run
    raise CalledProcessError(retcode, process.args,
subprocess.CalledProcessError: Command '['git', '-C', '/tmp/tmpaarquu1_/repo', 'commit', '--quiet', '-m', 'initial']' returned non-zero exit status 1.

======================================================================
ERROR: test_one_preparation_can_render_either_mode_subject_to_feasibility (tests.test_public_api_seam.AdapterShapedSeamTests.test_one_preparation_can_render_either_mode_subject_to_feasibility)
----------------------------------------------------------------------
Traceback (most recent call last):
  File "/home/runner/work/scientific-software-development-protocol/scientific-software-development-protocol/orchestrator/tests/test_public_api_seam.py", line 29, in setUp
    self.repo = init_repo(self.root / "repo")
                ^^^^^^^^^^^^^^^^^^^^^^^^^^^^^
  File "/home/runner/work/scientific-software-development-protocol/scientific-software-development-protocol/orchestrator/tests/_support.py", line 75, in init_repo
    subprocess.run(
  File "/opt/hostedtoolcache/Python/3.12.14/x64/lib/python3.12/subprocess.py", line 571, in run
    raise CalledProcessError(retcode, process.args,
subprocess.CalledProcessError: Command '['git', '-C', '/tmp/tmpbo782lls/repo', 'commit', '--quiet', '-m', 'initial']' returned non-zero exit status 1.

======================================================================
ERROR: test_preparation_carries_no_prompt_execution_mode (tests.test_public_api_seam.AdapterShapedSeamTests.test_preparation_carries_no_prompt_execution_mode)
----------------------------------------------------------------------
Traceback (most recent call last):
  File "/home/runner/work/scientific-software-development-protocol/scientific-software-development-protocol/orchestrator/tests/test_public_api_seam.py", line 29, in setUp
    self.repo = init_repo(self.root / "repo")
                ^^^^^^^^^^^^^^^^^^^^^^^^^^^^^
  File "/home/runner/work/scientific-software-development-protocol/scientific-software-development-protocol/orchestrator/tests/_support.py", line 75, in init_repo
    subprocess.run(
  File "/opt/hostedtoolcache/Python/3.12.14/x64/lib/python3.12/subprocess.py", line 571, in run
    raise CalledProcessError(retcode, process.args,
subprocess.CalledProcessError: Command '['git', '-C', '/tmp/tmpayi7o7ha/repo', 'commit', '--quiet', '-m', 'initial']' returned non-zero exit status 1.

======================================================================
ERROR: test_prepared_prompt_survives_serialization_across_a_process_boundary (tests.test_public_api_seam.AdapterShapedSeamTests.test_prepared_prompt_survives_serialization_across_a_process_boundary)
----------------------------------------------------------------------
Traceback (most recent call last):
  File "/home/runner/work/scientific-software-development-protocol/scientific-software-development-protocol/orchestrator/tests/test_public_api_seam.py", line 29, in setUp
    self.repo = init_repo(self.root / "repo")
                ^^^^^^^^^^^^^^^^^^^^^^^^^^^^^
  File "/home/runner/work/scientific-software-development-protocol/scientific-software-development-protocol/orchestrator/tests/_support.py", line 75, in init_repo
    subprocess.run(
  File "/opt/hostedtoolcache/Python/3.12.14/x64/lib/python3.12/subprocess.py", line 571, in run
    raise CalledProcessError(retcode, process.args,
subprocess.CalledProcessError: Command '['git', '-C', '/tmp/tmp9apz2m4o/repo', 'commit', '--quiet', '-m', 'initial']' returned non-zero exit status 1.

======================================================================
ERROR: test_stage_selector_is_a_plain_string_and_stage_ref_is_a_record (tests.test_public_api_seam.StageIdentityTests.test_stage_selector_is_a_plain_string_and_stage_ref_is_a_record)
----------------------------------------------------------------------
Traceback (most recent call last):
  File "/home/runner/work/scientific-software-development-protocol/scientific-software-development-protocol/orchestrator/tests/test_public_api_seam.py", line 29, in setUp
    self.repo = init_repo(self.root / "repo")
                ^^^^^^^^^^^^^^^^^^^^^^^^^^^^^
  File "/home/runner/work/scientific-software-development-protocol/scientific-software-development-protocol/orchestrator/tests/_support.py", line 75, in init_repo
    subprocess.run(
  File "/opt/hostedtoolcache/Python/3.12.14/x64/lib/python3.12/subprocess.py", line 571, in run
    raise CalledProcessError(retcode, process.args,
subprocess.CalledProcessError: Command '['git', '-C', '/tmp/tmpzthukdzp/repo', 'commit', '--quiet', '-m', 'initial']' returned non-zero exit status 1.

======================================================================
ERROR: test_stage_selector_resolves_only_through_a_compatible_profile (tests.test_public_api_seam.StageIdentityTests.test_stage_selector_resolves_only_through_a_compatible_profile)
----------------------------------------------------------------------
Traceback (most recent call last):
  File "/home/runner/work/scientific-software-development-protocol/scientific-software-development-protocol/orchestrator/tests/test_public_api_seam.py", line 29, in setUp
    self.repo = init_repo(self.root / "repo")
                ^^^^^^^^^^^^^^^^^^^^^^^^^^^^^
  File "/home/runner/work/scientific-software-development-protocol/scientific-software-development-protocol/orchestrator/tests/_support.py", line 75, in init_repo
    subprocess.run(
  File "/opt/hostedtoolcache/Python/3.12.14/x64/lib/python3.12/subprocess.py", line 571, in run
    raise CalledProcessError(retcode, process.args,
subprocess.CalledProcessError: Command '['git', '-C', '/tmp/tmp3th93p75/repo', 'commit', '--quiet', '-m', 'initial']' returned non-zero exit status 128.

======================================================================
ERROR: test_unknown_stage_is_rejected (tests.test_public_api_seam.StageIdentityTests.test_unknown_stage_is_rejected)
----------------------------------------------------------------------
Traceback (most recent call last):
  File "/home/runner/work/scientific-software-development-protocol/scientific-software-development-protocol/orchestrator/tests/test_public_api_seam.py", line 29, in setUp
    self.repo = init_repo(self.root / "repo")
                ^^^^^^^^^^^^^^^^^^^^^^^^^^^^^
  File "/home/runner/work/scientific-software-development-protocol/scientific-software-development-protocol/orchestrator/tests/_support.py", line 75, in init_repo
    subprocess.run(
  File "/opt/hostedtoolcache/Python/3.12.14/x64/lib/python3.12/subprocess.py", line 571, in run
    raise CalledProcessError(retcode, process.args,
subprocess.CalledProcessError: Command '['git', '-C', '/tmp/tmpmvh16x_x/repo', 'commit', '--quiet', '-m', 'initial']' returned non-zero exit status 1.

======================================================================
ERROR: test_all_documented_error_codes_exist (tests.test_public_api_seam.SurfaceCompletenessTests.test_all_documented_error_codes_exist)
----------------------------------------------------------------------
Traceback (most recent call last):
  File "/home/runner/work/scientific-software-development-protocol/scientific-software-development-protocol/orchestrator/tests/test_public_api_seam.py", line 29, in setUp
    self.repo = init_repo(self.root / "repo")
                ^^^^^^^^^^^^^^^^^^^^^^^^^^^^^
  File "/home/runner/work/scientific-software-development-protocol/scientific-software-development-protocol/orchestrator/tests/_support.py", line 69, in init_repo
    git(root, "add", "README.md")
  File "/home/runner/work/scientific-software-development-protocol/scientific-software-development-protocol/orchestrator/tests/_support.py", line 33, in git
    result = subprocess.run(
             ^^^^^^^^^^^^^^^
  File "/opt/hostedtoolcache/Python/3.12.14/x64/lib/python3.12/subprocess.py", line 571, in run
    raise CalledProcessError(retcode, process.args,
subprocess.CalledProcessError: Command '['git', '-C', '/tmp/tmp03s4w2y1/repo', 'add', 'README.md']' returned non-zero exit status 128.

======================================================================
ERROR: test_application_api_protocol_is_satisfied (tests.test_public_api_seam.SurfaceCompletenessTests.test_application_api_protocol_is_satisfied)
----------------------------------------------------------------------
Traceback (most recent call last):
  File "/home/runner/work/scientific-software-development-protocol/scientific-software-development-protocol/orchestrator/tests/test_public_api_seam.py", line 29, in setUp
    self.repo = init_repo(self.root / "repo")
                ^^^^^^^^^^^^^^^^^^^^^^^^^^^^^
  File "/home/runner/work/scientific-software-development-protocol/scientific-software-development-protocol/orchestrator/tests/_support.py", line 75, in init_repo
    subprocess.run(
  File "/opt/hostedtoolcache/Python/3.12.14/x64/lib/python3.12/subprocess.py", line 571, in run
    raise CalledProcessError(retcode, process.args,
subprocess.CalledProcessError: Command '['git', '-C', '/tmp/tmpqbrvxgi2/repo', 'commit', '--quiet', '-m', 'initial']' returned non-zero exit status 1.

======================================================================
ERROR: test_core_api_protocol_is_satisfied_by_the_implementation (tests.test_public_api_seam.SurfaceCompletenessTests.test_core_api_protocol_is_satisfied_by_the_implementation)
----------------------------------------------------------------------
Traceback (most recent call last):
  File "/home/runner/work/scientific-software-development-protocol/scientific-software-development-protocol/orchestrator/tests/test_public_api_seam.py", line 29, in setUp
    self.repo = init_repo(self.root / "repo")
                ^^^^^^^^^^^^^^^^^^^^^^^^^^^^^
  File "/home/runner/work/scientific-software-development-protocol/scientific-software-development-protocol/orchestrator/tests/_support.py", line 75, in init_repo
    subprocess.run(
  File "/opt/hostedtoolcache/Python/3.12.14/x64/lib/python3.12/subprocess.py", line 571, in run
    raise CalledProcessError(retcode, process.args,
subprocess.CalledProcessError: Command '['git', '-C', '/tmp/tmplgbcf73_/repo', 'commit', '--quiet', '-m', 'initial']' returned non-zero exit status 1.

======================================================================
ERROR: test_core_capabilities_are_provisioned (tests.test_public_api_seam.SurfaceCompletenessTests.test_core_capabilities_are_provisioned)
----------------------------------------------------------------------
Traceback (most recent call last):
  File "/home/runner/work/scientific-software-development-protocol/scientific-software-development-protocol/orchestrator/tests/test_public_api_seam.py", line 29, in setUp
    self.repo = init_repo(self.root / "repo")
                ^^^^^^^^^^^^^^^^^^^^^^^^^^^^^
  File "/home/runner/work/scientific-software-development-protocol/scientific-software-development-protocol/orchestrator/tests/_support.py", line 75, in init_repo
    subprocess.run(
  File "/opt/hostedtoolcache/Python/3.12.14/x64/lib/python3.12/subprocess.py", line 571, in run
    raise CalledProcessError(retcode, process.args,
subprocess.CalledProcessError: Command '['git', '-C', '/tmp/tmpwkzilc27/repo', 'commit', '--quiet', '-m', 'initial']' returned non-zero exit status 1.

======================================================================
ERROR: test_no_private_object_leaks_through_public_records (tests.test_public_api_seam.SurfaceCompletenessTests.test_no_private_object_leaks_through_public_records)
A public record must never carry a live implementation object.
----------------------------------------------------------------------
Traceback (most recent call last):
  File "/home/runner/work/scientific-software-development-protocol/scientific-software-development-protocol/orchestrator/tests/test_public_api_seam.py", line 29, in setUp
    self.repo = init_repo(self.root / "repo")
                ^^^^^^^^^^^^^^^^^^^^^^^^^^^^^
  File "/home/runner/work/scientific-software-development-protocol/scientific-software-development-protocol/orchestrator/tests/_support.py", line 75, in init_repo
    subprocess.run(
  File "/opt/hostedtoolcache/Python/3.12.14/x64/lib/python3.12/subprocess.py", line 571, in run
    raise CalledProcessError(retcode, process.args,
subprocess.CalledProcessError: Command '['git', '-C', '/tmp/tmpddfyi_pl/repo', 'commit', '--quiet', '-m', 'initial']' returned non-zero exit status 1.

======================================================================
ERROR: test_pagination_uses_opaque_cursors (tests.test_public_api_seam.SurfaceCompletenessTests.test_pagination_uses_opaque_cursors)
----------------------------------------------------------------------
Traceback (most recent call last):
  File "/home/runner/work/scientific-software-development-protocol/scientific-software-development-protocol/orchestrator/tests/test_public_api_seam.py", line 29, in setUp
    self.repo = init_repo(self.root / "repo")
                ^^^^^^^^^^^^^^^^^^^^^^^^^^^^^
  File "/home/runner/work/scientific-software-development-protocol/scientific-software-development-protocol/orchestrator/tests/_support.py", line 75, in init_repo
    subprocess.run(
  File "/opt/hostedtoolcache/Python/3.12.14/x64/lib/python3.12/subprocess.py", line 571, in run
    raise CalledProcessError(retcode, process.args,
subprocess.CalledProcessError: Command '['git', '-C', '/tmp/tmpth2nvihc/repo', 'commit', '--quiet', '-m', 'initial']' returned non-zero exit status 1.

======================================================================
ERROR: test_problem_is_json_safe (tests.test_public_api_seam.SurfaceCompletenessTests.test_problem_is_json_safe)
----------------------------------------------------------------------
Traceback (most recent call last):
  File "/home/runner/work/scientific-software-development-protocol/scientific-software-development-protocol/orchestrator/tests/test_public_api_seam.py", line 29, in setUp
    self.repo = init_repo(self.root / "repo")
                ^^^^^^^^^^^^^^^^^^^^^^^^^^^^^
  File "/home/runner/work/scientific-software-development-protocol/scientific-software-development-protocol/orchestrator/tests/_support.py", line 75, in init_repo
    subprocess.run(
  File "/opt/hostedtoolcache/Python/3.12.14/x64/lib/python3.12/subprocess.py", line 571, in run
    raise CalledProcessError(retcode, process.args,
subprocess.CalledProcessError: Command '['git', '-C', '/tmp/tmpj43o8tuw/repo', 'commit', '--quiet', '-m', 'initial']' returned non-zero exit status 1.

======================================================================
ERROR: test_problem_retryable_is_structured_advisory_data (tests.test_public_api_seam.SurfaceCompletenessTests.test_problem_retryable_is_structured_advisory_data)
----------------------------------------------------------------------
Traceback (most recent call last):
  File "/home/runner/work/scientific-software-development-protocol/scientific-software-development-protocol/orchestrator/tests/test_public_api_seam.py", line 29, in setUp
    self.repo = init_repo(self.root / "repo")
                ^^^^^^^^^^^^^^^^^^^^^^^^^^^^^
  File "/home/runner/work/scientific-software-development-protocol/scientific-software-development-protocol/orchestrator/tests/_support.py", line 75, in init_repo
    subprocess.run(
  File "/opt/hostedtoolcache/Python/3.12.14/x64/lib/python3.12/subprocess.py", line 571, in run
    raise CalledProcessError(retcode, process.args,
subprocess.CalledProcessError: Command '['git', '-C', '/tmp/tmp1u05vojl/repo', 'commit', '--quiet', '-m', 'initial']' returned non-zero exit status 1.

======================================================================
ERROR: test_public_modules_export_no_private_names (tests.test_public_api_seam.SurfaceCompletenessTests.test_public_modules_export_no_private_names)
----------------------------------------------------------------------
Traceback (most recent call last):
  File "/home/runner/work/scientific-software-development-protocol/scientific-software-development-protocol/orchestrator/tests/test_public_api_seam.py", line 29, in setUp
    self.repo = init_repo(self.root / "repo")
                ^^^^^^^^^^^^^^^^^^^^^^^^^^^^^
  File "/home/runner/work/scientific-software-development-protocol/scientific-software-development-protocol/orchestrator/tests/_support.py", line 75, in init_repo
    subprocess.run(
  File "/opt/hostedtoolcache/Python/3.12.14/x64/lib/python3.12/subprocess.py", line 571, in run
    raise CalledProcessError(retcode, process.args,
subprocess.CalledProcessError: Command '['git', '-C', '/tmp/tmpot8a3_ik/repo', 'commit', '--quiet', '-m', 'initial']' returned non-zero exit status 1.

======================================================================
ERROR: test_public_signatures_do_not_mention_implementation_types (tests.test_public_api_seam.SurfaceCompletenessTests.test_public_signatures_do_not_mention_implementation_types)
----------------------------------------------------------------------
Traceback (most recent call last):
  File "/home/runner/work/scientific-software-development-protocol/scientific-software-development-protocol/orchestrator/tests/test_public_api_seam.py", line 29, in setUp
    self.repo = init_repo(self.root / "repo")
                ^^^^^^^^^^^^^^^^^^^^^^^^^^^^^
  File "/home/runner/work/scientific-software-development-protocol/scientific-software-development-protocol/orchestrator/tests/_support.py", line 75, in init_repo
    subprocess.run(
  File "/opt/hostedtoolcache/Python/3.12.14/x64/lib/python3.12/subprocess.py", line 571, in run
    raise CalledProcessError(retcode, process.args,
subprocess.CalledProcessError: Command '['git', '-C', '/tmp/tmpu63r47m3/repo', 'commit', '--quiet', '-m', 'initial']' returned non-zero exit status 1.

======================================================================
ERROR: test_there_is_one_error_type_not_a_hierarchy (tests.test_public_api_seam.SurfaceCompletenessTests.test_there_is_one_error_type_not_a_hierarchy)
----------------------------------------------------------------------
Traceback (most recent call last):
  File "/home/runner/work/scientific-software-development-protocol/scientific-software-development-protocol/orchestrator/tests/test_public_api_seam.py", line 29, in setUp
    self.repo = init_repo(self.root / "repo")
                ^^^^^^^^^^^^^^^^^^^^^^^^^^^^^
  File "/home/runner/work/scientific-software-development-protocol/scientific-software-development-protocol/orchestrator/tests/_support.py", line 75, in init_repo
    subprocess.run(
  File "/opt/hostedtoolcache/Python/3.12.14/x64/lib/python3.12/subprocess.py", line 571, in run
    raise CalledProcessError(retcode, process.args,
subprocess.CalledProcessError: Command '['git', '-C', '/tmp/tmp8b4_hgps/repo', 'commit', '--quiet', '-m', 'initial']' returned non-zero exit status 1.

======================================================================
ERROR: test_explicit_only_stage_rejects_an_explicit_unsupported_protocol_version (tests.test_public_api_seam.WorkplanOwnershipTests.test_explicit_only_stage_rejects_an_explicit_unsupported_protocol_version)
----------------------------------------------------------------------
Traceback (most recent call last):
  File "/home/runner/work/scientific-software-development-protocol/scientific-software-development-protocol/orchestrator/tests/test_public_api_seam.py", line 29, in setUp
    self.repo = init_repo(self.root / "repo")
                ^^^^^^^^^^^^^^^^^^^^^^^^^^^^^
  File "/home/runner/work/scientific-software-development-protocol/scientific-software-development-protocol/orchestrator/tests/_support.py", line 75, in init_repo
    subprocess.run(
  File "/opt/hostedtoolcache/Python/3.12.14/x64/lib/python3.12/subprocess.py", line 571, in run
    raise CalledProcessError(retcode, process.args,
subprocess.CalledProcessError: Command '['git', '-C', '/tmp/tmp9a5_2ded/repo', 'commit', '--quiet', '-m', 'initial']' returned non-zero exit status 1.

======================================================================
ERROR: test_explicit_only_stage_tolerates_incomplete_protocol_metadata (tests.test_public_api_seam.WorkplanOwnershipTests.test_explicit_only_stage_tolerates_incomplete_protocol_metadata)
An optional authority is evidence; it does not decide the governing contract.
----------------------------------------------------------------------
Traceback (most recent call last):
  File "/home/runner/work/scientific-software-development-protocol/scientific-software-development-protocol/orchestrator/tests/test_public_api_seam.py", line 29, in setUp
    self.repo = init_repo(self.root / "repo")
                ^^^^^^^^^^^^^^^^^^^^^^^^^^^^^
  File "/home/runner/work/scientific-software-development-protocol/scientific-software-development-protocol/orchestrator/tests/_support.py", line 75, in init_repo
    subprocess.run(
  File "/opt/hostedtoolcache/Python/3.12.14/x64/lib/python3.12/subprocess.py", line 571, in run
    raise CalledProcessError(retcode, process.args,
subprocess.CalledProcessError: Command '['git', '-C', '/tmp/tmpbtwlmmja/repo', 'commit', '--quiet', '-m', 'initial']' returned non-zero exit status 1.

======================================================================
ERROR: test_explicit_optional_workplan_protocol_precedes_project_default (tests.test_public_api_seam.WorkplanOwnershipTests.test_explicit_optional_workplan_protocol_precedes_project_default)
----------------------------------------------------------------------
Traceback (most recent call last):
  File "/home/runner/work/scientific-software-development-protocol/scientific-software-development-protocol/orchestrator/tests/test_public_api_seam.py", line 29, in setUp
    self.repo = init_repo(self.root / "repo")
                ^^^^^^^^^^^^^^^^^^^^^^^^^^^^^
  File "/home/runner/work/scientific-software-development-protocol/scientific-software-development-protocol/orchestrator/tests/_support.py", line 75, in init_repo
    subprocess.run(
  File "/opt/hostedtoolcache/Python/3.12.14/x64/lib/python3.12/subprocess.py", line 571, in run
    raise CalledProcessError(retcode, process.args,
subprocess.CalledProcessError: Command '['git', '-C', '/tmp/tmp19rry7r3/repo', 'commit', '--quiet', '-m', 'initial']' returned non-zero exit status 1.

======================================================================
ERROR: test_explicit_profile_identity_fields_are_not_silently_rewritten (tests.test_public_api_seam.WorkplanOwnershipTests.test_explicit_profile_identity_fields_are_not_silently_rewritten)
----------------------------------------------------------------------
Traceback (most recent call last):
  File "/home/runner/work/scientific-software-development-protocol/scientific-software-development-protocol/orchestrator/tests/test_public_api_seam.py", line 29, in setUp
    self.repo = init_repo(self.root / "repo")
                ^^^^^^^^^^^^^^^^^^^^^^^^^^^^^
  File "/home/runner/work/scientific-software-development-protocol/scientific-software-development-protocol/orchestrator/tests/_support.py", line 75, in init_repo
    subprocess.run(
  File "/opt/hostedtoolcache/Python/3.12.14/x64/lib/python3.12/subprocess.py", line 571, in run
    raise CalledProcessError(retcode, process.args,
subprocess.CalledProcessError: Command '['git', '-C', '/tmp/tmp46gv9k1o/repo', 'commit', '--quiet', '-m', 'initial']' returned non-zero exit status 1.

======================================================================
ERROR: test_explicit_required_workplan_protocol_precedes_project_default (tests.test_public_api_seam.WorkplanOwnershipTests.test_explicit_required_workplan_protocol_precedes_project_default)
----------------------------------------------------------------------
Traceback (most recent call last):
  File "/home/runner/work/scientific-software-development-protocol/scientific-software-development-protocol/orchestrator/tests/test_public_api_seam.py", line 29, in setUp
    self.repo = init_repo(self.root / "repo")
                ^^^^^^^^^^^^^^^^^^^^^^^^^^^^^
  File "/home/runner/work/scientific-software-development-protocol/scientific-software-development-protocol/orchestrator/tests/_support.py", line 75, in init_repo
    subprocess.run(
  File "/opt/hostedtoolcache/Python/3.12.14/x64/lib/python3.12/subprocess.py", line 571, in run
    raise CalledProcessError(retcode, process.args,
subprocess.CalledProcessError: Command '['git', '-C', '/tmp/tmptvpnrmga/repo', 'commit', '--quiet', '-m', 'initial']' returned non-zero exit status 1.

======================================================================
ERROR: test_governing_workplan_precedes_an_explicit_profile (tests.test_public_api_seam.WorkplanOwnershipTests.test_governing_workplan_precedes_an_explicit_profile)
----------------------------------------------------------------------
Traceback (most recent call last):
  File "/home/runner/work/scientific-software-development-protocol/scientific-software-development-protocol/orchestrator/tests/test_public_api_seam.py", line 29, in setUp
    self.repo = init_repo(self.root / "repo")
                ^^^^^^^^^^^^^^^^^^^^^^^^^^^^^
  File "/home/runner/work/scientific-software-development-protocol/scientific-software-development-protocol/orchestrator/tests/_support.py", line 75, in init_repo
    subprocess.run(
  File "/opt/hostedtoolcache/Python/3.12.14/x64/lib/python3.12/subprocess.py", line 571, in run
    raise CalledProcessError(retcode, process.args,
subprocess.CalledProcessError: Command '['git', '-C', '/tmp/tmpsuycj8il/repo', 'commit', '--quiet', '-m', 'initial']' returned non-zero exit status 1.

======================================================================
ERROR: test_governing_workplan_without_protocol_version_fails_for_required_stages (tests.test_public_api_seam.WorkplanOwnershipTests.test_governing_workplan_without_protocol_version_fails_for_required_stages)
----------------------------------------------------------------------
Traceback (most recent call last):
  File "/home/runner/work/scientific-software-development-protocol/scientific-software-development-protocol/orchestrator/tests/test_public_api_seam.py", line 29, in setUp
    self.repo = init_repo(self.root / "repo")
                ^^^^^^^^^^^^^^^^^^^^^^^^^^^^^
  File "/home/runner/work/scientific-software-development-protocol/scientific-software-development-protocol/orchestrator/tests/_support.py", line 75, in init_repo
    subprocess.run(
  File "/opt/hostedtoolcache/Python/3.12.14/x64/lib/python3.12/subprocess.py", line 571, in run
    raise CalledProcessError(retcode, process.args,
subprocess.CalledProcessError: Command '['git', '-C', '/tmp/tmpyw5lox44/repo', 'commit', '--quiet', '-m', 'initial']' returned non-zero exit status 1.

======================================================================
ERROR: test_list_stages_is_a_view_of_the_same_descriptor (tests.test_public_api_seam.WorkplanOwnershipTests.test_list_stages_is_a_view_of_the_same_descriptor)
----------------------------------------------------------------------
Traceback (most recent call last):
  File "/home/runner/work/scientific-software-development-protocol/scientific-software-development-protocol/orchestrator/tests/test_public_api_seam.py", line 29, in setUp
    self.repo = init_repo(self.root / "repo")
                ^^^^^^^^^^^^^^^^^^^^^^^^^^^^^
  File "/home/runner/work/scientific-software-development-protocol/scientific-software-development-protocol/orchestrator/tests/_support.py", line 75, in init_repo
    subprocess.run(
  File "/opt/hostedtoolcache/Python/3.12.14/x64/lib/python3.12/subprocess.py", line 571, in run
    raise CalledProcessError(retcode, process.args,
subprocess.CalledProcessError: Command '['git', '-C', '/tmp/tmp96mmubca/repo', 'commit', '--quiet', '-m', 'initial']' returned non-zero exit status 1.

======================================================================
ERROR: test_no_workplan_selector_uses_the_configured_profile (tests.test_public_api_seam.WorkplanOwnershipTests.test_no_workplan_selector_uses_the_configured_profile)
----------------------------------------------------------------------
Traceback (most recent call last):
  File "/home/runner/work/scientific-software-development-protocol/scientific-software-development-protocol/orchestrator/tests/test_public_api_seam.py", line 29, in setUp
    self.repo = init_repo(self.root / "repo")
                ^^^^^^^^^^^^^^^^^^^^^^^^^^^^^
  File "/home/runner/work/scientific-software-development-protocol/scientific-software-development-protocol/orchestrator/tests/_support.py", line 75, in init_repo
    subprocess.run(
  File "/opt/hostedtoolcache/Python/3.12.14/x64/lib/python3.12/subprocess.py", line 571, in run
    raise CalledProcessError(retcode, process.args,
subprocess.CalledProcessError: Command '['git', '-C', '/tmp/tmp13ksocwh/repo', 'commit', '--quiet', '-m', 'initial']' returned non-zero exit status 1.

======================================================================
ERROR: test_resolve_workplan_honors_profile_bound_stage_over_project_default (tests.test_public_api_seam.WorkplanOwnershipTests.test_resolve_workplan_honors_profile_bound_stage_over_project_default)
A bound StageRef must not be vetoed by a lower-precedence project profile.
----------------------------------------------------------------------
Traceback (most recent call last):
  File "/home/runner/work/scientific-software-development-protocol/scientific-software-development-protocol/orchestrator/tests/test_public_api_seam.py", line 29, in setUp
    self.repo = init_repo(self.root / "repo")
                ^^^^^^^^^^^^^^^^^^^^^^^^^^^^^
  File "/home/runner/work/scientific-software-development-protocol/scientific-software-development-protocol/orchestrator/tests/_support.py", line 75, in init_repo
    subprocess.run(
  File "/opt/hostedtoolcache/Python/3.12.14/x64/lib/python3.12/subprocess.py", line 571, in run
    raise CalledProcessError(retcode, process.args,
subprocess.CalledProcessError: Command '['git', '-C', '/tmp/tmpj26n7s6d/repo', 'commit', '--quiet', '-m', 'initial']' returned non-zero exit status 128.

======================================================================
ERROR: test_resolve_workplan_is_the_public_selection_owner (tests.test_public_api_seam.WorkplanOwnershipTests.test_resolve_workplan_is_the_public_selection_owner)
----------------------------------------------------------------------
Traceback (most recent call last):
  File "/home/runner/work/scientific-software-development-protocol/scientific-software-development-protocol/orchestrator/tests/test_public_api_seam.py", line 29, in setUp
    self.repo = init_repo(self.root / "repo")
                ^^^^^^^^^^^^^^^^^^^^^^^^^^^^^
  File "/home/runner/work/scientific-software-development-protocol/scientific-software-development-protocol/orchestrator/tests/_support.py", line 75, in init_repo
    subprocess.run(
  File "/opt/hostedtoolcache/Python/3.12.14/x64/lib/python3.12/subprocess.py", line 571, in run
    raise CalledProcessError(retcode, process.args,
subprocess.CalledProcessError: Command '['git', '-C', '/tmp/tmpwiicv_ai/repo', 'commit', '--quiet', '-m', 'initial']' returned non-zero exit status 1.

======================================================================
ERROR: test_resolve_workplan_rejects_an_unsupported_stage_profile (tests.test_public_api_seam.WorkplanOwnershipTests.test_resolve_workplan_rejects_an_unsupported_stage_profile)
----------------------------------------------------------------------
Traceback (most recent call last):
  File "/home/runner/work/scientific-software-development-protocol/scientific-software-development-protocol/orchestrator/tests/test_public_api_seam.py", line 29, in setUp
    self.repo = init_repo(self.root / "repo")
                ^^^^^^^^^^^^^^^^^^^^^^^^^^^^^
  File "/home/runner/work/scientific-software-development-protocol/scientific-software-development-protocol/orchestrator/tests/_support.py", line 75, in init_repo
    subprocess.run(
  File "/opt/hostedtoolcache/Python/3.12.14/x64/lib/python3.12/subprocess.py", line 571, in run
    raise CalledProcessError(retcode, process.args,
subprocess.CalledProcessError: Command '['git', '-C', '/tmp/tmp0jni8xwd/repo', 'commit', '--quiet', '-m', 'initial']' returned non-zero exit status 1.

======================================================================
ERROR: test_workflow_follows_the_governing_workplan_protocol (tests.test_public_api_seam.WorkplanOwnershipTests.test_workflow_follows_the_governing_workplan_protocol)
A governing plan on an unsupported protocol fails; it is never coerced to 5.16.
----------------------------------------------------------------------
Traceback (most recent call last):
  File "/home/runner/work/scientific-software-development-protocol/scientific-software-development-protocol/orchestrator/tests/test_public_api_seam.py", line 29, in setUp
    self.repo = init_repo(self.root / "repo")
                ^^^^^^^^^^^^^^^^^^^^^^^^^^^^^
  File "/home/runner/work/scientific-software-development-protocol/scientific-software-development-protocol/orchestrator/tests/_support.py", line 75, in init_repo
    subprocess.run(
  File "/opt/hostedtoolcache/Python/3.12.14/x64/lib/python3.12/subprocess.py", line 571, in run
    raise CalledProcessError(retcode, process.args,
subprocess.CalledProcessError: Command '['git', '-C', '/tmp/tmp66vi0sl2/repo', 'commit', '--quiet', '-m', 'initial']' returned non-zero exit status 1.

----------------------------------------------------------------------
Ran 31 tests in 0.537s

FAILED (errors=31)


======================================================================
tests.test_render_and_identity
======================================================================
test_artifact_ends_with_exactly_one_trailing_newline (tests.test_render_and_identity.BodyFidelityTests.test_artifact_ends_with_exactly_one_trailing_newline) ... ERROR
test_every_stage_renders_its_own_canonical_body (tests.test_render_and_identity.BodyFidelityTests.test_every_stage_renders_its_own_canonical_body) ... ERROR
test_footer_is_appended_after_the_canonical_body (tests.test_render_and_identity.BodyFidelityTests.test_footer_is_appended_after_the_canonical_body) ... ERROR
test_no_hidden_reasoning_is_requested (tests.test_render_and_identity.BodyFidelityTests.test_no_hidden_reasoning_is_requested) ... ERROR
test_only_declared_input_lines_are_substituted (tests.test_render_and_identity.BodyFidelityTests.test_only_declared_input_lines_are_substituted) ... ERROR
test_event_id_is_stable_for_the_same_run_and_prompt (tests.test_render_and_identity.EventTests.test_event_id_is_stable_for_the_same_run_and_prompt) ... ERROR
test_failed_render_emits_no_event (tests.test_render_and_identity.EventTests.test_failed_render_emits_no_event) ... ERROR
test_sink_failure_does_not_invalidate_the_primary_render (tests.test_render_and_identity.EventTests.test_sink_failure_does_not_invalidate_the_primary_render) ... ERROR
test_successful_render_notifies_a_subscribed_sink (tests.test_render_and_identity.EventTests.test_successful_render_notifies_a_subscribed_sink) ... ERROR
test_unsubscribed_sink_never_sees_the_prompt (tests.test_render_and_identity.EventTests.test_unsubscribed_sink_never_sees_the_prompt) ... ERROR
test_different_run_ids_change_identity (tests.test_render_and_identity.FingerprintTests.test_different_run_ids_change_identity) ... ERROR
test_digest_metadata_is_part_of_preparation_identity (tests.test_render_and_identity.FingerprintTests.test_digest_metadata_is_part_of_preparation_identity)
Every material DigestRef field is identity-bearing, not decoration. ... ERROR
test_material_changes_change_the_preparation_identity (tests.test_render_and_identity.FingerprintTests.test_material_changes_change_the_preparation_identity) ... ERROR
test_preparation_identity_is_insensitive_to_observation_timestamps (tests.test_render_and_identity.FingerprintTests.test_preparation_identity_is_insensitive_to_observation_timestamps) ... ERROR
test_preparation_identity_is_insensitive_to_unrelated_extension_config (tests.test_render_and_identity.FingerprintTests.test_preparation_identity_is_insensitive_to_unrelated_extension_config) ... ERROR
test_prepared_prompt_round_trips_through_json (tests.test_render_and_identity.FingerprintTests.test_prepared_prompt_round_trips_through_json) ... ERROR
test_prompt_mode_changes_the_prompt_but_not_the_preparation (tests.test_render_and_identity.FingerprintTests.test_prompt_mode_changes_the_prompt_but_not_the_preparation) ... ERROR
test_same_semantic_state_and_run_id_gives_byte_identical_output (tests.test_render_and_identity.FingerprintTests.test_same_semantic_state_and_run_id_gives_byte_identical_output) ... ERROR
test_schemes_are_versioned (tests.test_render_and_identity.FingerprintTests.test_schemes_are_versioned) ... ERROR
test_workflow_tampering_cannot_reuse_the_old_preparation_fingerprint (tests.test_render_and_identity.FingerprintTests.test_workflow_tampering_cannot_reuse_the_old_preparation_fingerprint) ... ERROR
test_absent_footer_returns_none (tests.test_render_and_identity.ResultFooterTests.test_absent_footer_returns_none) ... ERROR
test_additive_fields_and_timestamps_stay_wire_safe (tests.test_render_and_identity.ResultFooterTests.test_additive_fields_and_timestamps_stay_wire_safe) ... ERROR
test_extraction_ignores_surrounding_prose (tests.test_render_and_identity.ResultFooterTests.test_extraction_ignores_surrounding_prose) ... ERROR
test_extraction_rejects_duplicate_marked_blocks (tests.test_render_and_identity.ResultFooterTests.test_extraction_rejects_duplicate_marked_blocks) ... ERROR
test_fingerprint_placeholder_in_body_is_not_rewritten (tests.test_render_and_identity.ResultFooterTests.test_fingerprint_placeholder_in_body_is_not_rewritten) ... ERROR
test_footer_is_terminal_and_uniquely_marked (tests.test_render_and_identity.ResultFooterTests.test_footer_is_terminal_and_uniquely_marked) ... ERROR
test_footer_template_is_valid_json_with_required_identity (tests.test_render_and_identity.ResultFooterTests.test_footer_template_is_valid_json_with_required_identity) ... ERROR
test_indented_markers_and_trailing_prose_are_not_terminal_footers (tests.test_render_and_identity.ResultFooterTests.test_indented_markers_and_trailing_prose_are_not_terminal_footers) ... ERROR
test_opaque_run_id_is_json_serialized_coherently (tests.test_render_and_identity.ResultFooterTests.test_opaque_run_id_is_json_serialized_coherently) ... ERROR
test_schema_identity_is_reported (tests.test_render_and_identity.ResultFooterTests.test_schema_identity_is_reported) ... ERROR
test_schema_tolerates_additive_fields (tests.test_render_and_identity.ResultFooterTests.test_schema_tolerates_additive_fields) ... ERROR
test_candidate_drift_between_phases_is_refused (tests.test_render_and_identity.StaleContextTests.test_candidate_drift_between_phases_is_refused) ... ERROR
test_staged_index_drift_between_phases_is_refused_without_event (tests.test_render_and_identity.StaleContextTests.test_staged_index_drift_between_phases_is_refused_without_event) ... ERROR
test_stale_context_emits_no_event_and_no_prompt (tests.test_render_and_identity.StaleContextTests.test_stale_context_emits_no_event_and_no_prompt) ... ERROR
test_workplan_drift_between_phases_is_refused (tests.test_render_and_identity.StaleContextTests.test_workplan_drift_between_phases_is_refused) ... ERROR

======================================================================
ERROR: test_artifact_ends_with_exactly_one_trailing_newline (tests.test_render_and_identity.BodyFidelityTests.test_artifact_ends_with_exactly_one_trailing_newline)
----------------------------------------------------------------------
Traceback (most recent call last):
  File "/home/runner/work/scientific-software-development-protocol/scientific-software-development-protocol/orchestrator/tests/test_render_and_identity.py", line 56, in setUp
    self.repo = init_repo(self.root / "repo")
                ^^^^^^^^^^^^^^^^^^^^^^^^^^^^^
  File "/home/runner/work/scientific-software-development-protocol/scientific-software-development-protocol/orchestrator/tests/_support.py", line 75, in init_repo
    subprocess.run(
  File "/opt/hostedtoolcache/Python/3.12.14/x64/lib/python3.12/subprocess.py", line 571, in run
    raise CalledProcessError(retcode, process.args,
subprocess.CalledProcessError: Command '['git', '-C', '/tmp/tmperzj9k4h/repo', 'commit', '--quiet', '-m', 'initial']' returned non-zero exit status 1.

======================================================================
ERROR: test_every_stage_renders_its_own_canonical_body (tests.test_render_and_identity.BodyFidelityTests.test_every_stage_renders_its_own_canonical_body)
----------------------------------------------------------------------
Traceback (most recent call last):
  File "/home/runner/work/scientific-software-development-protocol/scientific-software-development-protocol/orchestrator/tests/test_render_and_identity.py", line 56, in setUp
    self.repo = init_repo(self.root / "repo")
                ^^^^^^^^^^^^^^^^^^^^^^^^^^^^^
  File "/home/runner/work/scientific-software-development-protocol/scientific-software-development-protocol/orchestrator/tests/_support.py", line 69, in init_repo
    git(root, "add", "README.md")
  File "/home/runner/work/scientific-software-development-protocol/scientific-software-development-protocol/orchestrator/tests/_support.py", line 33, in git
    result = subprocess.run(
             ^^^^^^^^^^^^^^^
  File "/opt/hostedtoolcache/Python/3.12.14/x64/lib/python3.12/subprocess.py", line 571, in run
    raise CalledProcessError(retcode, process.args,
subprocess.CalledProcessError: Command '['git', '-C', '/tmp/tmpjeqtn9q8/repo', 'add', 'README.md']' returned non-zero exit status 128.

======================================================================
ERROR: test_footer_is_appended_after_the_canonical_body (tests.test_render_and_identity.BodyFidelityTests.test_footer_is_appended_after_the_canonical_body)
----------------------------------------------------------------------
Traceback (most recent call last):
  File "/home/runner/work/scientific-software-development-protocol/scientific-software-development-protocol/orchestrator/tests/test_render_and_identity.py", line 56, in setUp
    self.repo = init_repo(self.root / "repo")
                ^^^^^^^^^^^^^^^^^^^^^^^^^^^^^
  File "/home/runner/work/scientific-software-development-protocol/scientific-software-development-protocol/orchestrator/tests/_support.py", line 75, in init_repo
    subprocess.run(
  File "/opt/hostedtoolcache/Python/3.12.14/x64/lib/python3.12/subprocess.py", line 571, in run
    raise CalledProcessError(retcode, process.args,
subprocess.CalledProcessError: Command '['git', '-C', '/tmp/tmp_wxg82u9/repo', 'commit', '--quiet', '-m', 'initial']' returned non-zero exit status 1.

======================================================================
ERROR: test_no_hidden_reasoning_is_requested (tests.test_render_and_identity.BodyFidelityTests.test_no_hidden_reasoning_is_requested)
----------------------------------------------------------------------
Traceback (most recent call last):
  File "/home/runner/work/scientific-software-development-protocol/scientific-software-development-protocol/orchestrator/tests/test_render_and_identity.py", line 56, in setUp
    self.repo = init_repo(self.root / "repo")
                ^^^^^^^^^^^^^^^^^^^^^^^^^^^^^
  File "/home/runner/work/scientific-software-development-protocol/scientific-software-development-protocol/orchestrator/tests/_support.py", line 75, in init_repo
    subprocess.run(
  File "/opt/hostedtoolcache/Python/3.12.14/x64/lib/python3.12/subprocess.py", line 571, in run
    raise CalledProcessError(retcode, process.args,
subprocess.CalledProcessError: Command '['git', '-C', '/tmp/tmpbc9to4c2/repo', 'commit', '--quiet', '-m', 'initial']' returned non-zero exit status 1.

======================================================================
ERROR: test_only_declared_input_lines_are_substituted (tests.test_render_and_identity.BodyFidelityTests.test_only_declared_input_lines_are_substituted)
----------------------------------------------------------------------
Traceback (most recent call last):
  File "/home/runner/work/scientific-software-development-protocol/scientific-software-development-protocol/orchestrator/tests/test_render_and_identity.py", line 56, in setUp
    self.repo = init_repo(self.root / "repo")
                ^^^^^^^^^^^^^^^^^^^^^^^^^^^^^
  File "/home/runner/work/scientific-software-development-protocol/scientific-software-development-protocol/orchestrator/tests/_support.py", line 75, in init_repo
    subprocess.run(
  File "/opt/hostedtoolcache/Python/3.12.14/x64/lib/python3.12/subprocess.py", line 571, in run
    raise CalledProcessError(retcode, process.args,
subprocess.CalledProcessError: Command '['git', '-C', '/tmp/tmpsqm04d4g/repo', 'commit', '--quiet', '-m', 'initial']' returned non-zero exit status 1.

======================================================================
ERROR: test_event_id_is_stable_for_the_same_run_and_prompt (tests.test_render_and_identity.EventTests.test_event_id_is_stable_for_the_same_run_and_prompt)
----------------------------------------------------------------------
Traceback (most recent call last):
  File "/home/runner/work/scientific-software-development-protocol/scientific-software-development-protocol/orchestrator/tests/test_render_and_identity.py", line 56, in setUp
    self.repo = init_repo(self.root / "repo")
                ^^^^^^^^^^^^^^^^^^^^^^^^^^^^^
  File "/home/runner/work/scientific-software-development-protocol/scientific-software-development-protocol/orchestrator/tests/_support.py", line 75, in init_repo
    subprocess.run(
  File "/opt/hostedtoolcache/Python/3.12.14/x64/lib/python3.12/subprocess.py", line 571, in run
    raise CalledProcessError(retcode, process.args,
subprocess.CalledProcessError: Command '['git', '-C', '/tmp/tmpjlxdvl49/repo', 'commit', '--quiet', '-m', 'initial']' returned non-zero exit status 1.

======================================================================
ERROR: test_failed_render_emits_no_event (tests.test_render_and_identity.EventTests.test_failed_render_emits_no_event)
----------------------------------------------------------------------
Traceback (most recent call last):
  File "/home/runner/work/scientific-software-development-protocol/scientific-software-development-protocol/orchestrator/tests/test_render_and_identity.py", line 56, in setUp
    self.repo = init_repo(self.root / "repo")
                ^^^^^^^^^^^^^^^^^^^^^^^^^^^^^
  File "/home/runner/work/scientific-software-development-protocol/scientific-software-development-protocol/orchestrator/tests/_support.py", line 75, in init_repo
    subprocess.run(
  File "/opt/hostedtoolcache/Python/3.12.14/x64/lib/python3.12/subprocess.py", line 571, in run
    raise CalledProcessError(retcode, process.args,
subprocess.CalledProcessError: Command '['git', '-C', '/tmp/tmprgfpnbes/repo', 'commit', '--quiet', '-m', 'initial']' returned non-zero exit status 1.

======================================================================
ERROR: test_sink_failure_does_not_invalidate_the_primary_render (tests.test_render_and_identity.EventTests.test_sink_failure_does_not_invalidate_the_primary_render)
----------------------------------------------------------------------
Traceback (most recent call last):
  File "/home/runner/work/scientific-software-development-protocol/scientific-software-development-protocol/orchestrator/tests/test_render_and_identity.py", line 56, in setUp
    self.repo = init_repo(self.root / "repo")
                ^^^^^^^^^^^^^^^^^^^^^^^^^^^^^
  File "/home/runner/work/scientific-software-development-protocol/scientific-software-development-protocol/orchestrator/tests/_support.py", line 75, in init_repo
    subprocess.run(
  File "/opt/hostedtoolcache/Python/3.12.14/x64/lib/python3.12/subprocess.py", line 571, in run
    raise CalledProcessError(retcode, process.args,
subprocess.CalledProcessError: Command '['git', '-C', '/tmp/tmpu88ql3ob/repo', 'commit', '--quiet', '-m', 'initial']' returned non-zero exit status 1.

======================================================================
ERROR: test_successful_render_notifies_a_subscribed_sink (tests.test_render_and_identity.EventTests.test_successful_render_notifies_a_subscribed_sink)
----------------------------------------------------------------------
Traceback (most recent call last):
  File "/home/runner/work/scientific-software-development-protocol/scientific-software-development-protocol/orchestrator/tests/test_render_and_identity.py", line 56, in setUp
    self.repo = init_repo(self.root / "repo")
                ^^^^^^^^^^^^^^^^^^^^^^^^^^^^^
  File "/home/runner/work/scientific-software-development-protocol/scientific-software-development-protocol/orchestrator/tests/_support.py", line 75, in init_repo
    subprocess.run(
  File "/opt/hostedtoolcache/Python/3.12.14/x64/lib/python3.12/subprocess.py", line 571, in run
    raise CalledProcessError(retcode, process.args,
subprocess.CalledProcessError: Command '['git', '-C', '/tmp/tmpal1uuox4/repo', 'commit', '--quiet', '-m', 'initial']' returned non-zero exit status 1.

======================================================================
ERROR: test_unsubscribed_sink_never_sees_the_prompt (tests.test_render_and_identity.EventTests.test_unsubscribed_sink_never_sees_the_prompt)
----------------------------------------------------------------------
Traceback (most recent call last):
  File "/home/runner/work/scientific-software-development-protocol/scientific-software-development-protocol/orchestrator/tests/test_render_and_identity.py", line 56, in setUp
    self.repo = init_repo(self.root / "repo")
                ^^^^^^^^^^^^^^^^^^^^^^^^^^^^^
  File "/home/runner/work/scientific-software-development-protocol/scientific-software-development-protocol/orchestrator/tests/_support.py", line 75, in init_repo
    subprocess.run(
  File "/opt/hostedtoolcache/Python/3.12.14/x64/lib/python3.12/subprocess.py", line 571, in run
    raise CalledProcessError(retcode, process.args,
subprocess.CalledProcessError: Command '['git', '-C', '/tmp/tmpxo9jsi9d/repo', 'commit', '--quiet', '-m', 'initial']' returned non-zero exit status 1.

======================================================================
ERROR: test_different_run_ids_change_identity (tests.test_render_and_identity.FingerprintTests.test_different_run_ids_change_identity)
----------------------------------------------------------------------
Traceback (most recent call last):
  File "/home/runner/work/scientific-software-development-protocol/scientific-software-development-protocol/orchestrator/tests/test_render_and_identity.py", line 56, in setUp
    self.repo = init_repo(self.root / "repo")
                ^^^^^^^^^^^^^^^^^^^^^^^^^^^^^
  File "/home/runner/work/scientific-software-development-protocol/scientific-software-development-protocol/orchestrator/tests/_support.py", line 75, in init_repo
    subprocess.run(
  File "/opt/hostedtoolcache/Python/3.12.14/x64/lib/python3.12/subprocess.py", line 571, in run
    raise CalledProcessError(retcode, process.args,
subprocess.CalledProcessError: Command '['git', '-C', '/tmp/tmp434n80ln/repo', 'commit', '--quiet', '-m', 'initial']' returned non-zero exit status 1.

======================================================================
ERROR: test_digest_metadata_is_part_of_preparation_identity (tests.test_render_and_identity.FingerprintTests.test_digest_metadata_is_part_of_preparation_identity)
Every material DigestRef field is identity-bearing, not decoration.
----------------------------------------------------------------------
Traceback (most recent call last):
  File "/home/runner/work/scientific-software-development-protocol/scientific-software-development-protocol/orchestrator/tests/test_render_and_identity.py", line 56, in setUp
    self.repo = init_repo(self.root / "repo")
                ^^^^^^^^^^^^^^^^^^^^^^^^^^^^^
  File "/home/runner/work/scientific-software-development-protocol/scientific-software-development-protocol/orchestrator/tests/_support.py", line 75, in init_repo
    subprocess.run(
  File "/opt/hostedtoolcache/Python/3.12.14/x64/lib/python3.12/subprocess.py", line 571, in run
    raise CalledProcessError(retcode, process.args,
subprocess.CalledProcessError: Command '['git', '-C', '/tmp/tmpkdt_7agg/repo', 'commit', '--quiet', '-m', 'initial']' returned non-zero exit status 1.

======================================================================
ERROR: test_material_changes_change_the_preparation_identity (tests.test_render_and_identity.FingerprintTests.test_material_changes_change_the_preparation_identity)
----------------------------------------------------------------------
Traceback (most recent call last):
  File "/home/runner/work/scientific-software-development-protocol/scientific-software-development-protocol/orchestrator/tests/test_render_and_identity.py", line 56, in setUp
    self.repo = init_repo(self.root / "repo")
                ^^^^^^^^^^^^^^^^^^^^^^^^^^^^^
  File "/home/runner/work/scientific-software-development-protocol/scientific-software-development-protocol/orchestrator/tests/_support.py", line 75, in init_repo
    subprocess.run(
  File "/opt/hostedtoolcache/Python/3.12.14/x64/lib/python3.12/subprocess.py", line 571, in run
    raise CalledProcessError(retcode, process.args,
subprocess.CalledProcessError: Command '['git', '-C', '/tmp/tmp3w7plu8s/repo', 'commit', '--quiet', '-m', 'initial']' returned non-zero exit status 1.

======================================================================
ERROR: test_preparation_identity_is_insensitive_to_observation_timestamps (tests.test_render_and_identity.FingerprintTests.test_preparation_identity_is_insensitive_to_observation_timestamps)
----------------------------------------------------------------------
Traceback (most recent call last):
  File "/home/runner/work/scientific-software-development-protocol/scientific-software-development-protocol/orchestrator/tests/test_render_and_identity.py", line 56, in setUp
    self.repo = init_repo(self.root / "repo")
                ^^^^^^^^^^^^^^^^^^^^^^^^^^^^^
  File "/home/runner/work/scientific-software-development-protocol/scientific-software-development-protocol/orchestrator/tests/_support.py", line 75, in init_repo
    subprocess.run(
  File "/opt/hostedtoolcache/Python/3.12.14/x64/lib/python3.12/subprocess.py", line 571, in run
    raise CalledProcessError(retcode, process.args,
subprocess.CalledProcessError: Command '['git', '-C', '/tmp/tmpqc6oke44/repo', 'commit', '--quiet', '-m', 'initial']' returned non-zero exit status 1.

======================================================================
ERROR: test_preparation_identity_is_insensitive_to_unrelated_extension_config (tests.test_render_and_identity.FingerprintTests.test_preparation_identity_is_insensitive_to_unrelated_extension_config)
----------------------------------------------------------------------
Traceback (most recent call last):
  File "/home/runner/work/scientific-software-development-protocol/scientific-software-development-protocol/orchestrator/tests/test_render_and_identity.py", line 56, in setUp
    self.repo = init_repo(self.root / "repo")
                ^^^^^^^^^^^^^^^^^^^^^^^^^^^^^
  File "/home/runner/work/scientific-software-development-protocol/scientific-software-development-protocol/orchestrator/tests/_support.py", line 75, in init_repo
    subprocess.run(
  File "/opt/hostedtoolcache/Python/3.12.14/x64/lib/python3.12/subprocess.py", line 571, in run
    raise CalledProcessError(retcode, process.args,
subprocess.CalledProcessError: Command '['git', '-C', '/tmp/tmptmmaicxp/repo', 'commit', '--quiet', '-m', 'initial']' returned non-zero exit status 1.

======================================================================
ERROR: test_prepared_prompt_round_trips_through_json (tests.test_render_and_identity.FingerprintTests.test_prepared_prompt_round_trips_through_json)
----------------------------------------------------------------------
Traceback (most recent call last):
  File "/home/runner/work/scientific-software-development-protocol/scientific-software-development-protocol/orchestrator/tests/test_render_and_identity.py", line 56, in setUp
    self.repo = init_repo(self.root / "repo")
                ^^^^^^^^^^^^^^^^^^^^^^^^^^^^^
  File "/home/runner/work/scientific-software-development-protocol/scientific-software-development-protocol/orchestrator/tests/_support.py", line 75, in init_repo
    subprocess.run(
  File "/opt/hostedtoolcache/Python/3.12.14/x64/lib/python3.12/subprocess.py", line 571, in run
    raise CalledProcessError(retcode, process.args,
subprocess.CalledProcessError: Command '['git', '-C', '/tmp/tmpwifj939a/repo', 'commit', '--quiet', '-m', 'initial']' returned non-zero exit status 1.

======================================================================
ERROR: test_prompt_mode_changes_the_prompt_but_not_the_preparation (tests.test_render_and_identity.FingerprintTests.test_prompt_mode_changes_the_prompt_but_not_the_preparation)
----------------------------------------------------------------------
Traceback (most recent call last):
  File "/home/runner/work/scientific-software-development-protocol/scientific-software-development-protocol/orchestrator/tests/test_render_and_identity.py", line 56, in setUp
    self.repo = init_repo(self.root / "repo")
                ^^^^^^^^^^^^^^^^^^^^^^^^^^^^^
  File "/home/runner/work/scientific-software-development-protocol/scientific-software-development-protocol/orchestrator/tests/_support.py", line 75, in init_repo
    subprocess.run(
  File "/opt/hostedtoolcache/Python/3.12.14/x64/lib/python3.12/subprocess.py", line 571, in run
    raise CalledProcessError(retcode, process.args,
subprocess.CalledProcessError: Command '['git', '-C', '/tmp/tmp9buwjbcx/repo', 'commit', '--quiet', '-m', 'initial']' returned non-zero exit status 1.

======================================================================
ERROR: test_same_semantic_state_and_run_id_gives_byte_identical_output (tests.test_render_and_identity.FingerprintTests.test_same_semantic_state_and_run_id_gives_byte_identical_output)
----------------------------------------------------------------------
Traceback (most recent call last):
  File "/home/runner/work/scientific-software-development-protocol/scientific-software-development-protocol/orchestrator/tests/test_render_and_identity.py", line 56, in setUp
    self.repo = init_repo(self.root / "repo")
                ^^^^^^^^^^^^^^^^^^^^^^^^^^^^^
  File "/home/runner/work/scientific-software-development-protocol/scientific-software-development-protocol/orchestrator/tests/_support.py", line 75, in init_repo
    subprocess.run(
  File "/opt/hostedtoolcache/Python/3.12.14/x64/lib/python3.12/subprocess.py", line 571, in run
    raise CalledProcessError(retcode, process.args,
subprocess.CalledProcessError: Command '['git', '-C', '/tmp/tmplozwmvp2/repo', 'commit', '--quiet', '-m', 'initial']' returned non-zero exit status 1.

======================================================================
ERROR: test_schemes_are_versioned (tests.test_render_and_identity.FingerprintTests.test_schemes_are_versioned)
----------------------------------------------------------------------
Traceback (most recent call last):
  File "/home/runner/work/scientific-software-development-protocol/scientific-software-development-protocol/orchestrator/tests/test_render_and_identity.py", line 56, in setUp
    self.repo = init_repo(self.root / "repo")
                ^^^^^^^^^^^^^^^^^^^^^^^^^^^^^
  File "/home/runner/work/scientific-software-development-protocol/scientific-software-development-protocol/orchestrator/tests/_support.py", line 75, in init_repo
    subprocess.run(
  File "/opt/hostedtoolcache/Python/3.12.14/x64/lib/python3.12/subprocess.py", line 571, in run
    raise CalledProcessError(retcode, process.args,
subprocess.CalledProcessError: Command '['git', '-C', '/tmp/tmpg1pyb13j/repo', 'commit', '--quiet', '-m', 'initial']' returned non-zero exit status 1.

======================================================================
ERROR: test_workflow_tampering_cannot_reuse_the_old_preparation_fingerprint (tests.test_render_and_identity.FingerprintTests.test_workflow_tampering_cannot_reuse_the_old_preparation_fingerprint)
----------------------------------------------------------------------
Traceback (most recent call last):
  File "/home/runner/work/scientific-software-development-protocol/scientific-software-development-protocol/orchestrator/tests/test_render_and_identity.py", line 56, in setUp
    self.repo = init_repo(self.root / "repo")
                ^^^^^^^^^^^^^^^^^^^^^^^^^^^^^
  File "/home/runner/work/scientific-software-development-protocol/scientific-software-development-protocol/orchestrator/tests/_support.py", line 75, in init_repo
    subprocess.run(
  File "/opt/hostedtoolcache/Python/3.12.14/x64/lib/python3.12/subprocess.py", line 571, in run
    raise CalledProcessError(retcode, process.args,
subprocess.CalledProcessError: Command '['git', '-C', '/tmp/tmpsrz85nhe/repo', 'commit', '--quiet', '-m', 'initial']' returned non-zero exit status 1.

======================================================================
ERROR: test_absent_footer_returns_none (tests.test_render_and_identity.ResultFooterTests.test_absent_footer_returns_none)
----------------------------------------------------------------------
Traceback (most recent call last):
  File "/home/runner/work/scientific-software-development-protocol/scientific-software-development-protocol/orchestrator/tests/test_render_and_identity.py", line 56, in setUp
    self.repo = init_repo(self.root / "repo")
                ^^^^^^^^^^^^^^^^^^^^^^^^^^^^^
  File "/home/runner/work/scientific-software-development-protocol/scientific-software-development-protocol/orchestrator/tests/_support.py", line 75, in init_repo
    subprocess.run(
  File "/opt/hostedtoolcache/Python/3.12.14/x64/lib/python3.12/subprocess.py", line 571, in run
    raise CalledProcessError(retcode, process.args,
subprocess.CalledProcessError: Command '['git', '-C', '/tmp/tmp7h567i0r/repo', 'commit', '--quiet', '-m', 'initial']' returned non-zero exit status 1.

======================================================================
ERROR: test_additive_fields_and_timestamps_stay_wire_safe (tests.test_render_and_identity.ResultFooterTests.test_additive_fields_and_timestamps_stay_wire_safe)
----------------------------------------------------------------------
Traceback (most recent call last):
  File "/home/runner/work/scientific-software-development-protocol/scientific-software-development-protocol/orchestrator/tests/test_render_and_identity.py", line 56, in setUp
    self.repo = init_repo(self.root / "repo")
                ^^^^^^^^^^^^^^^^^^^^^^^^^^^^^
  File "/home/runner/work/scientific-software-development-protocol/scientific-software-development-protocol/orchestrator/tests/_support.py", line 69, in init_repo
    git(root, "add", "README.md")
  File "/home/runner/work/scientific-software-development-protocol/scientific-software-development-protocol/orchestrator/tests/_support.py", line 33, in git
    result = subprocess.run(
             ^^^^^^^^^^^^^^^
  File "/opt/hostedtoolcache/Python/3.12.14/x64/lib/python3.12/subprocess.py", line 571, in run
    raise CalledProcessError(retcode, process.args,
subprocess.CalledProcessError: Command '['git', '-C', '/tmp/tmpb8v1ff03/repo', 'add', 'README.md']' returned non-zero exit status 128.

======================================================================
ERROR: test_extraction_ignores_surrounding_prose (tests.test_render_and_identity.ResultFooterTests.test_extraction_ignores_surrounding_prose)
----------------------------------------------------------------------
Traceback (most recent call last):
  File "/home/runner/work/scientific-software-development-protocol/scientific-software-development-protocol/orchestrator/tests/test_render_and_identity.py", line 56, in setUp
    self.repo = init_repo(self.root / "repo")
                ^^^^^^^^^^^^^^^^^^^^^^^^^^^^^
  File "/home/runner/work/scientific-software-development-protocol/scientific-software-development-protocol/orchestrator/tests/_support.py", line 75, in init_repo
    subprocess.run(
  File "/opt/hostedtoolcache/Python/3.12.14/x64/lib/python3.12/subprocess.py", line 571, in run
    raise CalledProcessError(retcode, process.args,
subprocess.CalledProcessError: Command '['git', '-C', '/tmp/tmptwkltuo6/repo', 'commit', '--quiet', '-m', 'initial']' returned non-zero exit status 1.

======================================================================
ERROR: test_extraction_rejects_duplicate_marked_blocks (tests.test_render_and_identity.ResultFooterTests.test_extraction_rejects_duplicate_marked_blocks)
----------------------------------------------------------------------
Traceback (most recent call last):
  File "/home/runner/work/scientific-software-development-protocol/scientific-software-development-protocol/orchestrator/tests/test_render_and_identity.py", line 56, in setUp
    self.repo = init_repo(self.root / "repo")
                ^^^^^^^^^^^^^^^^^^^^^^^^^^^^^
  File "/home/runner/work/scientific-software-development-protocol/scientific-software-development-protocol/orchestrator/tests/_support.py", line 69, in init_repo
    git(root, "add", "README.md")
  File "/home/runner/work/scientific-software-development-protocol/scientific-software-development-protocol/orchestrator/tests/_support.py", line 33, in git
    result = subprocess.run(
             ^^^^^^^^^^^^^^^
  File "/opt/hostedtoolcache/Python/3.12.14/x64/lib/python3.12/subprocess.py", line 571, in run
    raise CalledProcessError(retcode, process.args,
subprocess.CalledProcessError: Command '['git', '-C', '/tmp/tmpl1fal0yx/repo', 'add', 'README.md']' returned non-zero exit status 128.

======================================================================
ERROR: test_fingerprint_placeholder_in_body_is_not_rewritten (tests.test_render_and_identity.ResultFooterTests.test_fingerprint_placeholder_in_body_is_not_rewritten)
----------------------------------------------------------------------
Traceback (most recent call last):
  File "/home/runner/work/scientific-software-development-protocol/scientific-software-development-protocol/orchestrator/tests/test_render_and_identity.py", line 56, in setUp
    self.repo = init_repo(self.root / "repo")
                ^^^^^^^^^^^^^^^^^^^^^^^^^^^^^
  File "/home/runner/work/scientific-software-development-protocol/scientific-software-development-protocol/orchestrator/tests/_support.py", line 75, in init_repo
    subprocess.run(
  File "/opt/hostedtoolcache/Python/3.12.14/x64/lib/python3.12/subprocess.py", line 571, in run
    raise CalledProcessError(retcode, process.args,
subprocess.CalledProcessError: Command '['git', '-C', '/tmp/tmpozc_v87j/repo', 'commit', '--quiet', '-m', 'initial']' returned non-zero exit status 128.

======================================================================
ERROR: test_footer_is_terminal_and_uniquely_marked (tests.test_render_and_identity.ResultFooterTests.test_footer_is_terminal_and_uniquely_marked)
----------------------------------------------------------------------
Traceback (most recent call last):
  File "/home/runner/work/scientific-software-development-protocol/scientific-software-development-protocol/orchestrator/tests/test_render_and_identity.py", line 56, in setUp
    self.repo = init_repo(self.root / "repo")
                ^^^^^^^^^^^^^^^^^^^^^^^^^^^^^
  File "/home/runner/work/scientific-software-development-protocol/scientific-software-development-protocol/orchestrator/tests/_support.py", line 75, in init_repo
    subprocess.run(
  File "/opt/hostedtoolcache/Python/3.12.14/x64/lib/python3.12/subprocess.py", line 571, in run
    raise CalledProcessError(retcode, process.args,
subprocess.CalledProcessError: Command '['git', '-C', '/tmp/tmpx2vkc83x/repo', 'commit', '--quiet', '-m', 'initial']' returned non-zero exit status 128.

======================================================================
ERROR: test_footer_template_is_valid_json_with_required_identity (tests.test_render_and_identity.ResultFooterTests.test_footer_template_is_valid_json_with_required_identity)
----------------------------------------------------------------------
Traceback (most recent call last):
  File "/home/runner/work/scientific-software-development-protocol/scientific-software-development-protocol/orchestrator/tests/test_render_and_identity.py", line 56, in setUp
    self.repo = init_repo(self.root / "repo")
                ^^^^^^^^^^^^^^^^^^^^^^^^^^^^^
  File "/home/runner/work/scientific-software-development-protocol/scientific-software-development-protocol/orchestrator/tests/_support.py", line 75, in init_repo
    subprocess.run(
  File "/opt/hostedtoolcache/Python/3.12.14/x64/lib/python3.12/subprocess.py", line 571, in run
    raise CalledProcessError(retcode, process.args,
subprocess.CalledProcessError: Command '['git', '-C', '/tmp/tmpzoxsqmce/repo', 'commit', '--quiet', '-m', 'initial']' returned non-zero exit status 1.

======================================================================
ERROR: test_indented_markers_and_trailing_prose_are_not_terminal_footers (tests.test_render_and_identity.ResultFooterTests.test_indented_markers_and_trailing_prose_are_not_terminal_footers)
----------------------------------------------------------------------
Traceback (most recent call last):
  File "/home/runner/work/scientific-software-development-protocol/scientific-software-development-protocol/orchestrator/tests/test_render_and_identity.py", line 56, in setUp
    self.repo = init_repo(self.root / "repo")
                ^^^^^^^^^^^^^^^^^^^^^^^^^^^^^
  File "/home/runner/work/scientific-software-development-protocol/scientific-software-development-protocol/orchestrator/tests/_support.py", line 75, in init_repo
    subprocess.run(
  File "/opt/hostedtoolcache/Python/3.12.14/x64/lib/python3.12/subprocess.py", line 571, in run
    raise CalledProcessError(retcode, process.args,
subprocess.CalledProcessError: Command '['git', '-C', '/tmp/tmpj2h_8cmz/repo', 'commit', '--quiet', '-m', 'initial']' returned non-zero exit status 1.

======================================================================
ERROR: test_opaque_run_id_is_json_serialized_coherently (tests.test_render_and_identity.ResultFooterTests.test_opaque_run_id_is_json_serialized_coherently)
----------------------------------------------------------------------
Traceback (most recent call last):
  File "/home/runner/work/scientific-software-development-protocol/scientific-software-development-protocol/orchestrator/tests/test_render_and_identity.py", line 56, in setUp
    self.repo = init_repo(self.root / "repo")
                ^^^^^^^^^^^^^^^^^^^^^^^^^^^^^
  File "/home/runner/work/scientific-software-development-protocol/scientific-software-development-protocol/orchestrator/tests/_support.py", line 75, in init_repo
    subprocess.run(
  File "/opt/hostedtoolcache/Python/3.12.14/x64/lib/python3.12/subprocess.py", line 571, in run
    raise CalledProcessError(retcode, process.args,
subprocess.CalledProcessError: Command '['git', '-C', '/tmp/tmp4cyb7jgu/repo', 'commit', '--quiet', '-m', 'initial']' returned non-zero exit status 1.

======================================================================
ERROR: test_schema_identity_is_reported (tests.test_render_and_identity.ResultFooterTests.test_schema_identity_is_reported)
----------------------------------------------------------------------
Traceback (most recent call last):
  File "/home/runner/work/scientific-software-development-protocol/scientific-software-development-protocol/orchestrator/tests/test_render_and_identity.py", line 56, in setUp
    self.repo = init_repo(self.root / "repo")
                ^^^^^^^^^^^^^^^^^^^^^^^^^^^^^
  File "/home/runner/work/scientific-software-development-protocol/scientific-software-development-protocol/orchestrator/tests/_support.py", line 75, in init_repo
    subprocess.run(
  File "/opt/hostedtoolcache/Python/3.12.14/x64/lib/python3.12/subprocess.py", line 571, in run
    raise CalledProcessError(retcode, process.args,
subprocess.CalledProcessError: Command '['git', '-C', '/tmp/tmpcez6zqmt/repo', 'commit', '--quiet', '-m', 'initial']' returned non-zero exit status 1.

======================================================================
ERROR: test_schema_tolerates_additive_fields (tests.test_render_and_identity.ResultFooterTests.test_schema_tolerates_additive_fields)
----------------------------------------------------------------------
Traceback (most recent call last):
  File "/home/runner/work/scientific-software-development-protocol/scientific-software-development-protocol/orchestrator/tests/test_render_and_identity.py", line 56, in setUp
    self.repo = init_repo(self.root / "repo")
                ^^^^^^^^^^^^^^^^^^^^^^^^^^^^^
  File "/home/runner/work/scientific-software-development-protocol/scientific-software-development-protocol/orchestrator/tests/_support.py", line 75, in init_repo
    subprocess.run(
  File "/opt/hostedtoolcache/Python/3.12.14/x64/lib/python3.12/subprocess.py", line 571, in run
    raise CalledProcessError(retcode, process.args,
subprocess.CalledProcessError: Command '['git', '-C', '/tmp/tmpi8x916lh/repo', 'commit', '--quiet', '-m', 'initial']' returned non-zero exit status 1.

======================================================================
ERROR: test_candidate_drift_between_phases_is_refused (tests.test_render_and_identity.StaleContextTests.test_candidate_drift_between_phases_is_refused)
----------------------------------------------------------------------
Traceback (most recent call last):
  File "/home/runner/work/scientific-software-development-protocol/scientific-software-development-protocol/orchestrator/tests/test_render_and_identity.py", line 56, in setUp
    self.repo = init_repo(self.root / "repo")
                ^^^^^^^^^^^^^^^^^^^^^^^^^^^^^
  File "/home/runner/work/scientific-software-development-protocol/scientific-software-development-protocol/orchestrator/tests/_support.py", line 75, in init_repo
    subprocess.run(
  File "/opt/hostedtoolcache/Python/3.12.14/x64/lib/python3.12/subprocess.py", line 571, in run
    raise CalledProcessError(retcode, process.args,
subprocess.CalledProcessError: Command '['git', '-C', '/tmp/tmpys4jtheo/repo', 'commit', '--quiet', '-m', 'initial']' returned non-zero exit status 1.

======================================================================
ERROR: test_staged_index_drift_between_phases_is_refused_without_event (tests.test_render_and_identity.StaleContextTests.test_staged_index_drift_between_phases_is_refused_without_event)
----------------------------------------------------------------------
Traceback (most recent call last):
  File "/home/runner/work/scientific-software-development-protocol/scientific-software-development-protocol/orchestrator/tests/test_render_and_identity.py", line 56, in setUp
    self.repo = init_repo(self.root / "repo")
                ^^^^^^^^^^^^^^^^^^^^^^^^^^^^^
  File "/home/runner/work/scientific-software-development-protocol/scientific-software-development-protocol/orchestrator/tests/_support.py", line 69, in init_repo
    git(root, "add", "README.md")
  File "/home/runner/work/scientific-software-development-protocol/scientific-software-development-protocol/orchestrator/tests/_support.py", line 33, in git
    result = subprocess.run(
             ^^^^^^^^^^^^^^^
  File "/opt/hostedtoolcache/Python/3.12.14/x64/lib/python3.12/subprocess.py", line 571, in run
    raise CalledProcessError(retcode, process.args,
subprocess.CalledProcessError: Command '['git', '-C', '/tmp/tmpppnpp1ke/repo', 'add', 'README.md']' returned non-zero exit status 128.

======================================================================
ERROR: test_stale_context_emits_no_event_and_no_prompt (tests.test_render_and_identity.StaleContextTests.test_stale_context_emits_no_event_and_no_prompt)
----------------------------------------------------------------------
Traceback (most recent call last):
  File "/home/runner/work/scientific-software-development-protocol/scientific-software-development-protocol/orchestrator/tests/test_render_and_identity.py", line 56, in setUp
    self.repo = init_repo(self.root / "repo")
                ^^^^^^^^^^^^^^^^^^^^^^^^^^^^^
  File "/home/runner/work/scientific-software-development-protocol/scientific-software-development-protocol/orchestrator/tests/_support.py", line 75, in init_repo
    subprocess.run(
  File "/opt/hostedtoolcache/Python/3.12.14/x64/lib/python3.12/subprocess.py", line 571, in run
    raise CalledProcessError(retcode, process.args,
subprocess.CalledProcessError: Command '['git', '-C', '/tmp/tmp90qnr8xt/repo', 'commit', '--quiet', '-m', 'initial']' returned non-zero exit status 128.

======================================================================
ERROR: test_workplan_drift_between_phases_is_refused (tests.test_render_and_identity.StaleContextTests.test_workplan_drift_between_phases_is_refused)
----------------------------------------------------------------------
Traceback (most recent call last):
  File "/home/runner/work/scientific-software-development-protocol/scientific-software-development-protocol/orchestrator/tests/test_render_and_identity.py", line 56, in setUp
    self.repo = init_repo(self.root / "repo")
                ^^^^^^^^^^^^^^^^^^^^^^^^^^^^^
  File "/home/runner/work/scientific-software-development-protocol/scientific-software-development-protocol/orchestrator/tests/_support.py", line 75, in init_repo
    subprocess.run(
  File "/opt/hostedtoolcache/Python/3.12.14/x64/lib/python3.12/subprocess.py", line 571, in run
    raise CalledProcessError(retcode, process.args,
subprocess.CalledProcessError: Command '['git', '-C', '/tmp/tmpoa1o529f/repo', 'commit', '--quiet', '-m', 'initial']' returned non-zero exit status 1.

----------------------------------------------------------------------
Ran 35 tests in 0.579s

FAILED (errors=35)


======================================================================
tests.test_workplan_resolution
======================================================================
test_active_and_archive_are_both_cataloged (tests.test_workplan_resolution.CatalogDiscoveryTests.test_active_and_archive_are_both_cataloged) ... ERROR
test_deep_frontmatter_is_rejected_before_recursive_tree_walk (tests.test_workplan_resolution.CatalogDiscoveryTests.test_deep_frontmatter_is_rejected_before_recursive_tree_walk) ... ERROR
test_document_without_frontmatter_is_selectable_by_path_only (tests.test_workplan_resolution.CatalogDiscoveryTests.test_document_without_frontmatter_is_selectable_by_path_only) ... ERROR
test_files_outside_the_workplan_roots_are_ignored (tests.test_workplan_resolution.CatalogDiscoveryTests.test_files_outside_the_workplan_roots_are_ignored) ... ERROR
test_malformed_frontmatter_yields_incomplete_identity (tests.test_workplan_resolution.CatalogDiscoveryTests.test_malformed_frontmatter_yields_incomplete_identity) ... ERROR
test_nested_authority_documents_are_cataloged (tests.test_workplan_resolution.CatalogDiscoveryTests.test_nested_authority_documents_are_cataloged) ... ERROR
test_non_workplan_suffixes_are_ignored (tests.test_workplan_resolution.CatalogDiscoveryTests.test_non_workplan_suffixes_are_ignored) ... ERROR
test_oversized_document_is_reported_not_parsed (tests.test_workplan_resolution.CatalogDiscoveryTests.test_oversized_document_is_reported_not_parsed) ... ERROR
test_symlink_escaping_the_repository_is_not_followed (tests.test_workplan_resolution.CatalogDiscoveryTests.test_symlink_escaping_the_repository_is_not_followed) ... ERROR
test_symlink_inside_the_repository_does_not_create_an_alias_authority (tests.test_workplan_resolution.CatalogDiscoveryTests.test_symlink_inside_the_repository_does_not_create_an_alias_authority) ... ERROR
test_yaml_aliases_are_rejected_before_frontmatter_materialization (tests.test_workplan_resolution.CatalogDiscoveryTests.test_yaml_aliases_are_rejected_before_frontmatter_materialization) ... ERROR
test_ambiguous_group_is_still_selectable_by_exact_path (tests.test_workplan_resolution.CurrentAuthorityTests.test_ambiguous_group_is_still_selectable_by_exact_path) ... ERROR
test_duplicate_ids_without_evidence_are_ambiguous (tests.test_workplan_resolution.CurrentAuthorityTests.test_duplicate_ids_without_evidence_are_ambiguous) ... ERROR
test_parent_workplan_pointer_establishes_supersession (tests.test_workplan_resolution.CurrentAuthorityTests.test_parent_workplan_pointer_establishes_supersession) ... ERROR
test_revision_chain_selects_the_unsuperseded_revision (tests.test_workplan_resolution.CurrentAuthorityTests.test_revision_chain_selects_the_unsuperseded_revision) ... ERROR
test_body_change_changes_semantic_identity (tests.test_workplan_resolution.IdentityTests.test_body_change_changes_semantic_identity) ... ERROR
test_exclusion_list_is_finite_and_lifecycle_only (tests.test_workplan_resolution.IdentityTests.test_exclusion_list_is_finite_and_lifecycle_only) ... ERROR
test_lifecycle_inconsistency_is_reported (tests.test_workplan_resolution.IdentityTests.test_lifecycle_inconsistency_is_reported) ... ERROR
test_lifecycle_only_change_preserves_semantic_identity (tests.test_workplan_resolution.IdentityTests.test_lifecycle_only_change_preserves_semantic_identity) ... ERROR
test_scheme_is_versioned (tests.test_workplan_resolution.IdentityTests.test_scheme_is_versioned) ... ERROR
test_unknown_frontmatter_key_participates_conservatively (tests.test_workplan_resolution.IdentityTests.test_unknown_frontmatter_key_participates_conservatively) ... ERROR
test_alignment_requires_an_exact_selector (tests.test_workplan_resolution.StagePolicyTests.test_alignment_requires_an_exact_selector) ... ERROR
test_archive_only_plans_are_not_implicitly_active (tests.test_workplan_resolution.StagePolicyTests.test_archive_only_plans_are_not_implicitly_active) ... ERROR
test_closeout_can_bind_an_exact_completed_archive_plan (tests.test_workplan_resolution.StagePolicyTests.test_closeout_can_bind_an_exact_completed_archive_plan) ... ERROR
test_current_governance_cannot_select_archive_by_exact_path (tests.test_workplan_resolution.StagePolicyTests.test_current_governance_cannot_select_archive_by_exact_path) ... ERROR
test_duplicate_target_branch_bindings_are_ambiguous (tests.test_workplan_resolution.StagePolicyTests.test_duplicate_target_branch_bindings_are_ambiguous) ... ERROR
test_explicit_only_stages_accept_an_explicit_target (tests.test_workplan_resolution.StagePolicyTests.test_explicit_only_stages_accept_an_explicit_target) ... ERROR
test_explicit_only_stages_return_no_plan_without_a_selector (tests.test_workplan_resolution.StagePolicyTests.test_explicit_only_stages_return_no_plan_without_a_selector) ... ERROR
test_health_audit_rejects_a_workplan_selector (tests.test_workplan_resolution.StagePolicyTests.test_health_audit_rejects_a_workplan_selector) ... ERROR
test_health_audit_selects_nothing_without_a_selector (tests.test_workplan_resolution.StagePolicyTests.test_health_audit_selects_nothing_without_a_selector) ... ERROR
test_implementation_falls_back_to_the_sole_active_plan (tests.test_workplan_resolution.StagePolicyTests.test_implementation_falls_back_to_the_sole_active_plan) ... ERROR
test_implementation_is_ambiguous_with_several_active_plans (tests.test_workplan_resolution.StagePolicyTests.test_implementation_is_ambiguous_with_several_active_plans) ... ERROR
test_implementation_uses_target_branch_binding (tests.test_workplan_resolution.StagePolicyTests.test_implementation_uses_target_branch_binding) ... ERROR
test_implementation_without_any_active_plan_fails (tests.test_workplan_resolution.StagePolicyTests.test_implementation_without_any_active_plan_fails) ... ERROR
test_lifecycle_inconsistent_active_plan_is_not_implicitly_current (tests.test_workplan_resolution.StagePolicyTests.test_lifecycle_inconsistent_active_plan_is_not_implicitly_current) ... ERROR
test_new_task_design_does_not_capture_a_sole_active_plan (tests.test_workplan_resolution.StagePolicyTests.test_new_task_design_does_not_capture_a_sole_active_plan)
Counterfactual required by O4: Design must not silently adopt an unrelated plan. ... ERROR
test_noncanonical_path_aliases_do_not_select_a_real_plan (tests.test_workplan_resolution.StagePolicyTests.test_noncanonical_path_aliases_do_not_select_a_real_plan) ... ERROR
test_path_traversal_selector_does_not_escape (tests.test_workplan_resolution.StagePolicyTests.test_path_traversal_selector_does_not_escape) ... ERROR
test_selection_is_never_fuzzy (tests.test_workplan_resolution.StagePolicyTests.test_selection_is_never_fuzzy) ... ERROR
test_unknown_selector_fails (tests.test_workplan_resolution.StagePolicyTests.test_unknown_selector_fails) ... ERROR

======================================================================
ERROR: test_active_and_archive_are_both_cataloged (tests.test_workplan_resolution.CatalogDiscoveryTests.test_active_and_archive_are_both_cataloged)
----------------------------------------------------------------------
Traceback (most recent call last):
  File "/home/runner/work/scientific-software-development-protocol/scientific-software-development-protocol/orchestrator/tests/test_workplan_resolution.py", line 28, in setUp
    self.repo = init_repo(self.root / "repo")
                ^^^^^^^^^^^^^^^^^^^^^^^^^^^^^
  File "/home/runner/work/scientific-software-development-protocol/scientific-software-development-protocol/orchestrator/tests/_support.py", line 75, in init_repo
    subprocess.run(
  File "/opt/hostedtoolcache/Python/3.12.14/x64/lib/python3.12/subprocess.py", line 571, in run
    raise CalledProcessError(retcode, process.args,
subprocess.CalledProcessError: Command '['git', '-C', '/tmp/tmp0wogqzax/repo', 'commit', '--quiet', '-m', 'initial']' returned non-zero exit status 1.

======================================================================
ERROR: test_deep_frontmatter_is_rejected_before_recursive_tree_walk (tests.test_workplan_resolution.CatalogDiscoveryTests.test_deep_frontmatter_is_rejected_before_recursive_tree_walk)
----------------------------------------------------------------------
Traceback (most recent call last):
  File "/home/runner/work/scientific-software-development-protocol/scientific-software-development-protocol/orchestrator/tests/test_workplan_resolution.py", line 28, in setUp
    self.repo = init_repo(self.root / "repo")
                ^^^^^^^^^^^^^^^^^^^^^^^^^^^^^
  File "/home/runner/work/scientific-software-development-protocol/scientific-software-development-protocol/orchestrator/tests/_support.py", line 75, in init_repo
    subprocess.run(
  File "/opt/hostedtoolcache/Python/3.12.14/x64/lib/python3.12/subprocess.py", line 571, in run
    raise CalledProcessError(retcode, process.args,
subprocess.CalledProcessError: Command '['git', '-C', '/tmp/tmp3uvrk7vo/repo', 'commit', '--quiet', '-m', 'initial']' returned non-zero exit status 128.

======================================================================
ERROR: test_document_without_frontmatter_is_selectable_by_path_only (tests.test_workplan_resolution.CatalogDiscoveryTests.test_document_without_frontmatter_is_selectable_by_path_only)
----------------------------------------------------------------------
Traceback (most recent call last):
  File "/home/runner/work/scientific-software-development-protocol/scientific-software-development-protocol/orchestrator/tests/test_workplan_resolution.py", line 28, in setUp
    self.repo = init_repo(self.root / "repo")
                ^^^^^^^^^^^^^^^^^^^^^^^^^^^^^
  File "/home/runner/work/scientific-software-development-protocol/scientific-software-development-protocol/orchestrator/tests/_support.py", line 75, in init_repo
    subprocess.run(
  File "/opt/hostedtoolcache/Python/3.12.14/x64/lib/python3.12/subprocess.py", line 571, in run
    raise CalledProcessError(retcode, process.args,
subprocess.CalledProcessError: Command '['git', '-C', '/tmp/tmp646lf4tn/repo', 'commit', '--quiet', '-m', 'initial']' returned non-zero exit status 1.

======================================================================
ERROR: test_files_outside_the_workplan_roots_are_ignored (tests.test_workplan_resolution.CatalogDiscoveryTests.test_files_outside_the_workplan_roots_are_ignored)
----------------------------------------------------------------------
Traceback (most recent call last):
  File "/home/runner/work/scientific-software-development-protocol/scientific-software-development-protocol/orchestrator/tests/test_workplan_resolution.py", line 28, in setUp
    self.repo = init_repo(self.root / "repo")
                ^^^^^^^^^^^^^^^^^^^^^^^^^^^^^
  File "/home/runner/work/scientific-software-development-protocol/scientific-software-development-protocol/orchestrator/tests/_support.py", line 75, in init_repo
    subprocess.run(
  File "/opt/hostedtoolcache/Python/3.12.14/x64/lib/python3.12/subprocess.py", line 571, in run
    raise CalledProcessError(retcode, process.args,
subprocess.CalledProcessError: Command '['git', '-C', '/tmp/tmp2r_94pzl/repo', 'commit', '--quiet', '-m', 'initial']' returned non-zero exit status 1.

======================================================================
ERROR: test_malformed_frontmatter_yields_incomplete_identity (tests.test_workplan_resolution.CatalogDiscoveryTests.test_malformed_frontmatter_yields_incomplete_identity)
----------------------------------------------------------------------
Traceback (most recent call last):
  File "/home/runner/work/scientific-software-development-protocol/scientific-software-development-protocol/orchestrator/tests/test_workplan_resolution.py", line 28, in setUp
    self.repo = init_repo(self.root / "repo")
                ^^^^^^^^^^^^^^^^^^^^^^^^^^^^^
  File "/home/runner/work/scientific-software-development-protocol/scientific-software-development-protocol/orchestrator/tests/_support.py", line 75, in init_repo
    subprocess.run(
  File "/opt/hostedtoolcache/Python/3.12.14/x64/lib/python3.12/subprocess.py", line 571, in run
    raise CalledProcessError(retcode, process.args,
subprocess.CalledProcessError: Command '['git', '-C', '/tmp/tmpj6nq6xez/repo', 'commit', '--quiet', '-m', 'initial']' returned non-zero exit status 1.

======================================================================
ERROR: test_nested_authority_documents_are_cataloged (tests.test_workplan_resolution.CatalogDiscoveryTests.test_nested_authority_documents_are_cataloged)
----------------------------------------------------------------------
Traceback (most recent call last):
  File "/home/runner/work/scientific-software-development-protocol/scientific-software-development-protocol/orchestrator/tests/test_workplan_resolution.py", line 28, in setUp
    self.repo = init_repo(self.root / "repo")
                ^^^^^^^^^^^^^^^^^^^^^^^^^^^^^
  File "/home/runner/work/scientific-software-development-protocol/scientific-software-development-protocol/orchestrator/tests/_support.py", line 75, in init_repo
    subprocess.run(
  File "/opt/hostedtoolcache/Python/3.12.14/x64/lib/python3.12/subprocess.py", line 571, in run
    raise CalledProcessError(retcode, process.args,
subprocess.CalledProcessError: Command '['git', '-C', '/tmp/tmp3bxb7abz/repo', 'commit', '--quiet', '-m', 'initial']' returned non-zero exit status 1.

======================================================================
ERROR: test_non_workplan_suffixes_are_ignored (tests.test_workplan_resolution.CatalogDiscoveryTests.test_non_workplan_suffixes_are_ignored)
----------------------------------------------------------------------
Traceback (most recent call last):
  File "/home/runner/work/scientific-software-development-protocol/scientific-software-development-protocol/orchestrator/tests/test_workplan_resolution.py", line 28, in setUp
    self.repo = init_repo(self.root / "repo")
                ^^^^^^^^^^^^^^^^^^^^^^^^^^^^^
  File "/home/runner/work/scientific-software-development-protocol/scientific-software-development-protocol/orchestrator/tests/_support.py", line 75, in init_repo
    subprocess.run(
  File "/opt/hostedtoolcache/Python/3.12.14/x64/lib/python3.12/subprocess.py", line 571, in run
    raise CalledProcessError(retcode, process.args,
subprocess.CalledProcessError: Command '['git', '-C', '/tmp/tmpm82qqpg_/repo', 'commit', '--quiet', '-m', 'initial']' returned non-zero exit status 1.

======================================================================
ERROR: test_oversized_document_is_reported_not_parsed (tests.test_workplan_resolution.CatalogDiscoveryTests.test_oversized_document_is_reported_not_parsed)
----------------------------------------------------------------------
Traceback (most recent call last):
  File "/home/runner/work/scientific-software-development-protocol/scientific-software-development-protocol/orchestrator/tests/test_workplan_resolution.py", line 28, in setUp
    self.repo = init_repo(self.root / "repo")
                ^^^^^^^^^^^^^^^^^^^^^^^^^^^^^
  File "/home/runner/work/scientific-software-development-protocol/scientific-software-development-protocol/orchestrator/tests/_support.py", line 69, in init_repo
    git(root, "add", "README.md")
  File "/home/runner/work/scientific-software-development-protocol/scientific-software-development-protocol/orchestrator/tests/_support.py", line 33, in git
    result = subprocess.run(
             ^^^^^^^^^^^^^^^
  File "/opt/hostedtoolcache/Python/3.12.14/x64/lib/python3.12/subprocess.py", line 571, in run
    raise CalledProcessError(retcode, process.args,
subprocess.CalledProcessError: Command '['git', '-C', '/tmp/tmpdpcdb5yk/repo', 'add', 'README.md']' returned non-zero exit status 128.

======================================================================
ERROR: test_symlink_escaping_the_repository_is_not_followed (tests.test_workplan_resolution.CatalogDiscoveryTests.test_symlink_escaping_the_repository_is_not_followed)
----------------------------------------------------------------------
Traceback (most recent call last):
  File "/home/runner/work/scientific-software-development-protocol/scientific-software-development-protocol/orchestrator/tests/test_workplan_resolution.py", line 28, in setUp
    self.repo = init_repo(self.root / "repo")
                ^^^^^^^^^^^^^^^^^^^^^^^^^^^^^
  File "/home/runner/work/scientific-software-development-protocol/scientific-software-development-protocol/orchestrator/tests/_support.py", line 75, in init_repo
    subprocess.run(
  File "/opt/hostedtoolcache/Python/3.12.14/x64/lib/python3.12/subprocess.py", line 571, in run
    raise CalledProcessError(retcode, process.args,
subprocess.CalledProcessError: Command '['git', '-C', '/tmp/tmpyze0fifk/repo', 'commit', '--quiet', '-m', 'initial']' returned non-zero exit status 1.

======================================================================
ERROR: test_symlink_inside_the_repository_does_not_create_an_alias_authority (tests.test_workplan_resolution.CatalogDiscoveryTests.test_symlink_inside_the_repository_does_not_create_an_alias_authority)
----------------------------------------------------------------------
Traceback (most recent call last):
  File "/home/runner/work/scientific-software-development-protocol/scientific-software-development-protocol/orchestrator/tests/test_workplan_resolution.py", line 28, in setUp
    self.repo = init_repo(self.root / "repo")
                ^^^^^^^^^^^^^^^^^^^^^^^^^^^^^
  File "/home/runner/work/scientific-software-development-protocol/scientific-software-development-protocol/orchestrator/tests/_support.py", line 75, in init_repo
    subprocess.run(
  File "/opt/hostedtoolcache/Python/3.12.14/x64/lib/python3.12/subprocess.py", line 571, in run
    raise CalledProcessError(retcode, process.args,
subprocess.CalledProcessError: Command '['git', '-C', '/tmp/tmpshhsv97a/repo', 'commit', '--quiet', '-m', 'initial']' returned non-zero exit status 1.

======================================================================
ERROR: test_yaml_aliases_are_rejected_before_frontmatter_materialization (tests.test_workplan_resolution.CatalogDiscoveryTests.test_yaml_aliases_are_rejected_before_frontmatter_materialization)
----------------------------------------------------------------------
Traceback (most recent call last):
  File "/home/runner/work/scientific-software-development-protocol/scientific-software-development-protocol/orchestrator/tests/test_workplan_resolution.py", line 28, in setUp
    self.repo = init_repo(self.root / "repo")
                ^^^^^^^^^^^^^^^^^^^^^^^^^^^^^
  File "/home/runner/work/scientific-software-development-protocol/scientific-software-development-protocol/orchestrator/tests/_support.py", line 75, in init_repo
    subprocess.run(
  File "/opt/hostedtoolcache/Python/3.12.14/x64/lib/python3.12/subprocess.py", line 571, in run
    raise CalledProcessError(retcode, process.args,
subprocess.CalledProcessError: Command '['git', '-C', '/tmp/tmp9aajsoo4/repo', 'commit', '--quiet', '-m', 'initial']' returned non-zero exit status 1.

======================================================================
ERROR: test_ambiguous_group_is_still_selectable_by_exact_path (tests.test_workplan_resolution.CurrentAuthorityTests.test_ambiguous_group_is_still_selectable_by_exact_path)
----------------------------------------------------------------------
Traceback (most recent call last):
  File "/home/runner/work/scientific-software-development-protocol/scientific-software-development-protocol/orchestrator/tests/test_workplan_resolution.py", line 28, in setUp
    self.repo = init_repo(self.root / "repo")
                ^^^^^^^^^^^^^^^^^^^^^^^^^^^^^
  File "/home/runner/work/scientific-software-development-protocol/scientific-software-development-protocol/orchestrator/tests/_support.py", line 75, in init_repo
    subprocess.run(
  File "/opt/hostedtoolcache/Python/3.12.14/x64/lib/python3.12/subprocess.py", line 571, in run
    raise CalledProcessError(retcode, process.args,
subprocess.CalledProcessError: Command '['git', '-C', '/tmp/tmp4k6apak_/repo', 'commit', '--quiet', '-m', 'initial']' returned non-zero exit status 1.

======================================================================
ERROR: test_duplicate_ids_without_evidence_are_ambiguous (tests.test_workplan_resolution.CurrentAuthorityTests.test_duplicate_ids_without_evidence_are_ambiguous)
----------------------------------------------------------------------
Traceback (most recent call last):
  File "/home/runner/work/scientific-software-development-protocol/scientific-software-development-protocol/orchestrator/tests/test_workplan_resolution.py", line 28, in setUp
    self.repo = init_repo(self.root / "repo")
                ^^^^^^^^^^^^^^^^^^^^^^^^^^^^^
  File "/home/runner/work/scientific-software-development-protocol/scientific-software-development-protocol/orchestrator/tests/_support.py", line 75, in init_repo
    subprocess.run(
  File "/opt/hostedtoolcache/Python/3.12.14/x64/lib/python3.12/subprocess.py", line 571, in run
    raise CalledProcessError(retcode, process.args,
subprocess.CalledProcessError: Command '['git', '-C', '/tmp/tmpwifbxykw/repo', 'commit', '--quiet', '-m', 'initial']' returned non-zero exit status 1.

======================================================================
ERROR: test_parent_workplan_pointer_establishes_supersession (tests.test_workplan_resolution.CurrentAuthorityTests.test_parent_workplan_pointer_establishes_supersession)
----------------------------------------------------------------------
Traceback (most recent call last):
  File "/home/runner/work/scientific-software-development-protocol/scientific-software-development-protocol/orchestrator/tests/test_workplan_resolution.py", line 28, in setUp
    self.repo = init_repo(self.root / "repo")
                ^^^^^^^^^^^^^^^^^^^^^^^^^^^^^
  File "/home/runner/work/scientific-software-development-protocol/scientific-software-development-protocol/orchestrator/tests/_support.py", line 75, in init_repo
    subprocess.run(
  File "/opt/hostedtoolcache/Python/3.12.14/x64/lib/python3.12/subprocess.py", line 571, in run
    raise CalledProcessError(retcode, process.args,
subprocess.CalledProcessError: Command '['git', '-C', '/tmp/tmp4jimczqo/repo', 'commit', '--quiet', '-m', 'initial']' returned non-zero exit status 1.

======================================================================
ERROR: test_revision_chain_selects_the_unsuperseded_revision (tests.test_workplan_resolution.CurrentAuthorityTests.test_revision_chain_selects_the_unsuperseded_revision)
----------------------------------------------------------------------
Traceback (most recent call last):
  File "/home/runner/work/scientific-software-development-protocol/scientific-software-development-protocol/orchestrator/tests/test_workplan_resolution.py", line 28, in setUp
    self.repo = init_repo(self.root / "repo")
                ^^^^^^^^^^^^^^^^^^^^^^^^^^^^^
  File "/home/runner/work/scientific-software-development-protocol/scientific-software-development-protocol/orchestrator/tests/_support.py", line 75, in init_repo
    subprocess.run(
  File "/opt/hostedtoolcache/Python/3.12.14/x64/lib/python3.12/subprocess.py", line 571, in run
    raise CalledProcessError(retcode, process.args,
subprocess.CalledProcessError: Command '['git', '-C', '/tmp/tmpvpa1gw_9/repo', 'commit', '--quiet', '-m', 'initial']' returned non-zero exit status 1.

======================================================================
ERROR: test_body_change_changes_semantic_identity (tests.test_workplan_resolution.IdentityTests.test_body_change_changes_semantic_identity)
----------------------------------------------------------------------
Traceback (most recent call last):
  File "/home/runner/work/scientific-software-development-protocol/scientific-software-development-protocol/orchestrator/tests/test_workplan_resolution.py", line 28, in setUp
    self.repo = init_repo(self.root / "repo")
                ^^^^^^^^^^^^^^^^^^^^^^^^^^^^^
  File "/home/runner/work/scientific-software-development-protocol/scientific-software-development-protocol/orchestrator/tests/_support.py", line 75, in init_repo
    subprocess.run(
  File "/opt/hostedtoolcache/Python/3.12.14/x64/lib/python3.12/subprocess.py", line 571, in run
    raise CalledProcessError(retcode, process.args,
subprocess.CalledProcessError: Command '['git', '-C', '/tmp/tmp7ai9cj1r/repo', 'commit', '--quiet', '-m', 'initial']' returned non-zero exit status 1.

======================================================================
ERROR: test_exclusion_list_is_finite_and_lifecycle_only (tests.test_workplan_resolution.IdentityTests.test_exclusion_list_is_finite_and_lifecycle_only)
----------------------------------------------------------------------
Traceback (most recent call last):
  File "/home/runner/work/scientific-software-development-protocol/scientific-software-development-protocol/orchestrator/tests/test_workplan_resolution.py", line 28, in setUp
    self.repo = init_repo(self.root / "repo")
                ^^^^^^^^^^^^^^^^^^^^^^^^^^^^^
  File "/home/runner/work/scientific-software-development-protocol/scientific-software-development-protocol/orchestrator/tests/_support.py", line 75, in init_repo
    subprocess.run(
  File "/opt/hostedtoolcache/Python/3.12.14/x64/lib/python3.12/subprocess.py", line 571, in run
    raise CalledProcessError(retcode, process.args,
subprocess.CalledProcessError: Command '['git', '-C', '/tmp/tmpmlakiu1h/repo', 'commit', '--quiet', '-m', 'initial']' returned non-zero exit status 1.

======================================================================
ERROR: test_lifecycle_inconsistency_is_reported (tests.test_workplan_resolution.IdentityTests.test_lifecycle_inconsistency_is_reported)
----------------------------------------------------------------------
Traceback (most recent call last):
  File "/home/runner/work/scientific-software-development-protocol/scientific-software-development-protocol/orchestrator/tests/test_workplan_resolution.py", line 28, in setUp
    self.repo = init_repo(self.root / "repo")
                ^^^^^^^^^^^^^^^^^^^^^^^^^^^^^
  File "/home/runner/work/scientific-software-development-protocol/scientific-software-development-protocol/orchestrator/tests/_support.py", line 75, in init_repo
    subprocess.run(
  File "/opt/hostedtoolcache/Python/3.12.14/x64/lib/python3.12/subprocess.py", line 571, in run
    raise CalledProcessError(retcode, process.args,
subprocess.CalledProcessError: Command '['git', '-C', '/tmp/tmpm12lwljf/repo', 'commit', '--quiet', '-m', 'initial']' returned non-zero exit status 1.

======================================================================
ERROR: test_lifecycle_only_change_preserves_semantic_identity (tests.test_workplan_resolution.IdentityTests.test_lifecycle_only_change_preserves_semantic_identity)
----------------------------------------------------------------------
Traceback (most recent call last):
  File "/home/runner/work/scientific-software-development-protocol/scientific-software-development-protocol/orchestrator/tests/test_workplan_resolution.py", line 28, in setUp
    self.repo = init_repo(self.root / "repo")
                ^^^^^^^^^^^^^^^^^^^^^^^^^^^^^
  File "/home/runner/work/scientific-software-development-protocol/scientific-software-development-protocol/orchestrator/tests/_support.py", line 75, in init_repo
    subprocess.run(
  File "/opt/hostedtoolcache/Python/3.12.14/x64/lib/python3.12/subprocess.py", line 571, in run
    raise CalledProcessError(retcode, process.args,
subprocess.CalledProcessError: Command '['git', '-C', '/tmp/tmp5omgg8sp/repo', 'commit', '--quiet', '-m', 'initial']' returned non-zero exit status 1.

======================================================================
ERROR: test_scheme_is_versioned (tests.test_workplan_resolution.IdentityTests.test_scheme_is_versioned)
----------------------------------------------------------------------
Traceback (most recent call last):
  File "/home/runner/work/scientific-software-development-protocol/scientific-software-development-protocol/orchestrator/tests/test_workplan_resolution.py", line 28, in setUp
    self.repo = init_repo(self.root / "repo")
                ^^^^^^^^^^^^^^^^^^^^^^^^^^^^^
  File "/home/runner/work/scientific-software-development-protocol/scientific-software-development-protocol/orchestrator/tests/_support.py", line 75, in init_repo
    subprocess.run(
  File "/opt/hostedtoolcache/Python/3.12.14/x64/lib/python3.12/subprocess.py", line 571, in run
    raise CalledProcessError(retcode, process.args,
subprocess.CalledProcessError: Command '['git', '-C', '/tmp/tmpz3wjniwc/repo', 'commit', '--quiet', '-m', 'initial']' returned non-zero exit status 1.

======================================================================
ERROR: test_unknown_frontmatter_key_participates_conservatively (tests.test_workplan_resolution.IdentityTests.test_unknown_frontmatter_key_participates_conservatively)
----------------------------------------------------------------------
Traceback (most recent call last):
  File "/home/runner/work/scientific-software-development-protocol/scientific-software-development-protocol/orchestrator/tests/test_workplan_resolution.py", line 28, in setUp
    self.repo = init_repo(self.root / "repo")
                ^^^^^^^^^^^^^^^^^^^^^^^^^^^^^
  File "/home/runner/work/scientific-software-development-protocol/scientific-software-development-protocol/orchestrator/tests/_support.py", line 75, in init_repo
    subprocess.run(
  File "/opt/hostedtoolcache/Python/3.12.14/x64/lib/python3.12/subprocess.py", line 571, in run
    raise CalledProcessError(retcode, process.args,
subprocess.CalledProcessError: Command '['git', '-C', '/tmp/tmp1rcbtxks/repo', 'commit', '--quiet', '-m', 'initial']' returned non-zero exit status 1.

======================================================================
ERROR: test_alignment_requires_an_exact_selector (tests.test_workplan_resolution.StagePolicyTests.test_alignment_requires_an_exact_selector)
----------------------------------------------------------------------
Traceback (most recent call last):
  File "/home/runner/work/scientific-software-development-protocol/scientific-software-development-protocol/orchestrator/tests/test_workplan_resolution.py", line 28, in setUp
    self.repo = init_repo(self.root / "repo")
                ^^^^^^^^^^^^^^^^^^^^^^^^^^^^^
  File "/home/runner/work/scientific-software-development-protocol/scientific-software-development-protocol/orchestrator/tests/_support.py", line 75, in init_repo
    subprocess.run(
  File "/opt/hostedtoolcache/Python/3.12.14/x64/lib/python3.12/subprocess.py", line 571, in run
    raise CalledProcessError(retcode, process.args,
subprocess.CalledProcessError: Command '['git', '-C', '/tmp/tmpcc2b0jt_/repo', 'commit', '--quiet', '-m', 'initial']' returned non-zero exit status 1.

======================================================================
ERROR: test_archive_only_plans_are_not_implicitly_active (tests.test_workplan_resolution.StagePolicyTests.test_archive_only_plans_are_not_implicitly_active)
----------------------------------------------------------------------
Traceback (most recent call last):
  File "/home/runner/work/scientific-software-development-protocol/scientific-software-development-protocol/orchestrator/tests/test_workplan_resolution.py", line 28, in setUp
    self.repo = init_repo(self.root / "repo")
                ^^^^^^^^^^^^^^^^^^^^^^^^^^^^^
  File "/home/runner/work/scientific-software-development-protocol/scientific-software-development-protocol/orchestrator/tests/_support.py", line 75, in init_repo
    subprocess.run(
  File "/opt/hostedtoolcache/Python/3.12.14/x64/lib/python3.12/subprocess.py", line 571, in run
    raise CalledProcessError(retcode, process.args,
subprocess.CalledProcessError: Command '['git', '-C', '/tmp/tmpdljwjuyi/repo', 'commit', '--quiet', '-m', 'initial']' returned non-zero exit status 1.

======================================================================
ERROR: test_closeout_can_bind_an_exact_completed_archive_plan (tests.test_workplan_resolution.StagePolicyTests.test_closeout_can_bind_an_exact_completed_archive_plan)
----------------------------------------------------------------------
Traceback (most recent call last):
  File "/home/runner/work/scientific-software-development-protocol/scientific-software-development-protocol/orchestrator/tests/test_workplan_resolution.py", line 28, in setUp
    self.repo = init_repo(self.root / "repo")
                ^^^^^^^^^^^^^^^^^^^^^^^^^^^^^
  File "/home/runner/work/scientific-software-development-protocol/scientific-software-development-protocol/orchestrator/tests/_support.py", line 75, in init_repo
    subprocess.run(
  File "/opt/hostedtoolcache/Python/3.12.14/x64/lib/python3.12/subprocess.py", line 571, in run
    raise CalledProcessError(retcode, process.args,
subprocess.CalledProcessError: Command '['git', '-C', '/tmp/tmpzqqyl4fp/repo', 'commit', '--quiet', '-m', 'initial']' returned non-zero exit status 1.

======================================================================
ERROR: test_current_governance_cannot_select_archive_by_exact_path (tests.test_workplan_resolution.StagePolicyTests.test_current_governance_cannot_select_archive_by_exact_path)
----------------------------------------------------------------------
Traceback (most recent call last):
  File "/home/runner/work/scientific-software-development-protocol/scientific-software-development-protocol/orchestrator/tests/test_workplan_resolution.py", line 28, in setUp
    self.repo = init_repo(self.root / "repo")
                ^^^^^^^^^^^^^^^^^^^^^^^^^^^^^
  File "/home/runner/work/scientific-software-development-protocol/scientific-software-development-protocol/orchestrator/tests/_support.py", line 75, in init_repo
    subprocess.run(
  File "/opt/hostedtoolcache/Python/3.12.14/x64/lib/python3.12/subprocess.py", line 571, in run
    raise CalledProcessError(retcode, process.args,
subprocess.CalledProcessError: Command '['git', '-C', '/tmp/tmpooaipcer/repo', 'commit', '--quiet', '-m', 'initial']' returned non-zero exit status 1.

======================================================================
ERROR: test_duplicate_target_branch_bindings_are_ambiguous (tests.test_workplan_resolution.StagePolicyTests.test_duplicate_target_branch_bindings_are_ambiguous)
----------------------------------------------------------------------
Traceback (most recent call last):
  File "/home/runner/work/scientific-software-development-protocol/scientific-software-development-protocol/orchestrator/tests/test_workplan_resolution.py", line 28, in setUp
    self.repo = init_repo(self.root / "repo")
                ^^^^^^^^^^^^^^^^^^^^^^^^^^^^^
  File "/home/runner/work/scientific-software-development-protocol/scientific-software-development-protocol/orchestrator/tests/_support.py", line 75, in init_repo
    subprocess.run(
  File "/opt/hostedtoolcache/Python/3.12.14/x64/lib/python3.12/subprocess.py", line 571, in run
    raise CalledProcessError(retcode, process.args,
subprocess.CalledProcessError: Command '['git', '-C', '/tmp/tmp6ersq68z/repo', 'commit', '--quiet', '-m', 'initial']' returned non-zero exit status 1.

======================================================================
ERROR: test_explicit_only_stages_accept_an_explicit_target (tests.test_workplan_resolution.StagePolicyTests.test_explicit_only_stages_accept_an_explicit_target)
----------------------------------------------------------------------
Traceback (most recent call last):
  File "/home/runner/work/scientific-software-development-protocol/scientific-software-development-protocol/orchestrator/tests/test_workplan_resolution.py", line 28, in setUp
    self.repo = init_repo(self.root / "repo")
                ^^^^^^^^^^^^^^^^^^^^^^^^^^^^^
  File "/home/runner/work/scientific-software-development-protocol/scientific-software-development-protocol/orchestrator/tests/_support.py", line 75, in init_repo
    subprocess.run(
  File "/opt/hostedtoolcache/Python/3.12.14/x64/lib/python3.12/subprocess.py", line 571, in run
    raise CalledProcessError(retcode, process.args,
subprocess.CalledProcessError: Command '['git', '-C', '/tmp/tmp7m4bikr0/repo', 'commit', '--quiet', '-m', 'initial']' returned non-zero exit status 1.

======================================================================
ERROR: test_explicit_only_stages_return_no_plan_without_a_selector (tests.test_workplan_resolution.StagePolicyTests.test_explicit_only_stages_return_no_plan_without_a_selector)
----------------------------------------------------------------------
Traceback (most recent call last):
  File "/home/runner/work/scientific-software-development-protocol/scientific-software-development-protocol/orchestrator/tests/test_workplan_resolution.py", line 28, in setUp
    self.repo = init_repo(self.root / "repo")
                ^^^^^^^^^^^^^^^^^^^^^^^^^^^^^
  File "/home/runner/work/scientific-software-development-protocol/scientific-software-development-protocol/orchestrator/tests/_support.py", line 75, in init_repo
    subprocess.run(
  File "/opt/hostedtoolcache/Python/3.12.14/x64/lib/python3.12/subprocess.py", line 571, in run
    raise CalledProcessError(retcode, process.args,
subprocess.CalledProcessError: Command '['git', '-C', '/tmp/tmp3lzhne65/repo', 'commit', '--quiet', '-m', 'initial']' returned non-zero exit status 1.

======================================================================
ERROR: test_health_audit_rejects_a_workplan_selector (tests.test_workplan_resolution.StagePolicyTests.test_health_audit_rejects_a_workplan_selector)
----------------------------------------------------------------------
Traceback (most recent call last):
  File "/home/runner/work/scientific-software-development-protocol/scientific-software-development-protocol/orchestrator/tests/test_workplan_resolution.py", line 28, in setUp
    self.repo = init_repo(self.root / "repo")
                ^^^^^^^^^^^^^^^^^^^^^^^^^^^^^
  File "/home/runner/work/scientific-software-development-protocol/scientific-software-development-protocol/orchestrator/tests/_support.py", line 75, in init_repo
    subprocess.run(
  File "/opt/hostedtoolcache/Python/3.12.14/x64/lib/python3.12/subprocess.py", line 571, in run
    raise CalledProcessError(retcode, process.args,
subprocess.CalledProcessError: Command '['git', '-C', '/tmp/tmp2feiwf80/repo', 'commit', '--quiet', '-m', 'initial']' returned non-zero exit status 1.

======================================================================
ERROR: test_health_audit_selects_nothing_without_a_selector (tests.test_workplan_resolution.StagePolicyTests.test_health_audit_selects_nothing_without_a_selector)
----------------------------------------------------------------------
Traceback (most recent call last):
  File "/home/runner/work/scientific-software-development-protocol/scientific-software-development-protocol/orchestrator/tests/test_workplan_resolution.py", line 28, in setUp
    self.repo = init_repo(self.root / "repo")
                ^^^^^^^^^^^^^^^^^^^^^^^^^^^^^
  File "/home/runner/work/scientific-software-development-protocol/scientific-software-development-protocol/orchestrator/tests/_support.py", line 75, in init_repo
    subprocess.run(
  File "/opt/hostedtoolcache/Python/3.12.14/x64/lib/python3.12/subprocess.py", line 571, in run
    raise CalledProcessError(retcode, process.args,
subprocess.CalledProcessError: Command '['git', '-C', '/tmp/tmpp_i9i5dq/repo', 'commit', '--quiet', '-m', 'initial']' returned non-zero exit status 1.

======================================================================
ERROR: test_implementation_falls_back_to_the_sole_active_plan (tests.test_workplan_resolution.StagePolicyTests.test_implementation_falls_back_to_the_sole_active_plan)
----------------------------------------------------------------------
Traceback (most recent call last):
  File "/home/runner/work/scientific-software-development-protocol/scientific-software-development-protocol/orchestrator/tests/test_workplan_resolution.py", line 28, in setUp
    self.repo = init_repo(self.root / "repo")
                ^^^^^^^^^^^^^^^^^^^^^^^^^^^^^
  File "/home/runner/work/scientific-software-development-protocol/scientific-software-development-protocol/orchestrator/tests/_support.py", line 75, in init_repo
    subprocess.run(
  File "/opt/hostedtoolcache/Python/3.12.14/x64/lib/python3.12/subprocess.py", line 571, in run
    raise CalledProcessError(retcode, process.args,
subprocess.CalledProcessError: Command '['git', '-C', '/tmp/tmp3kvdllu1/repo', 'commit', '--quiet', '-m', 'initial']' returned non-zero exit status 1.

======================================================================
ERROR: test_implementation_is_ambiguous_with_several_active_plans (tests.test_workplan_resolution.StagePolicyTests.test_implementation_is_ambiguous_with_several_active_plans)
----------------------------------------------------------------------
Traceback (most recent call last):
  File "/home/runner/work/scientific-software-development-protocol/scientific-software-development-protocol/orchestrator/tests/test_workplan_resolution.py", line 28, in setUp
    self.repo = init_repo(self.root / "repo")
                ^^^^^^^^^^^^^^^^^^^^^^^^^^^^^
  File "/home/runner/work/scientific-software-development-protocol/scientific-software-development-protocol/orchestrator/tests/_support.py", line 75, in init_repo
    subprocess.run(
  File "/opt/hostedtoolcache/Python/3.12.14/x64/lib/python3.12/subprocess.py", line 571, in run
    raise CalledProcessError(retcode, process.args,
subprocess.CalledProcessError: Command '['git', '-C', '/tmp/tmpllnnywn5/repo', 'commit', '--quiet', '-m', 'initial']' returned non-zero exit status 1.

======================================================================
ERROR: test_implementation_uses_target_branch_binding (tests.test_workplan_resolution.StagePolicyTests.test_implementation_uses_target_branch_binding)
----------------------------------------------------------------------
Traceback (most recent call last):
  File "/home/runner/work/scientific-software-development-protocol/scientific-software-development-protocol/orchestrator/tests/test_workplan_resolution.py", line 28, in setUp
    self.repo = init_repo(self.root / "repo")
                ^^^^^^^^^^^^^^^^^^^^^^^^^^^^^
  File "/home/runner/work/scientific-software-development-protocol/scientific-software-development-protocol/orchestrator/tests/_support.py", line 75, in init_repo
    subprocess.run(
  File "/opt/hostedtoolcache/Python/3.12.14/x64/lib/python3.12/subprocess.py", line 571, in run
    raise CalledProcessError(retcode, process.args,
subprocess.CalledProcessError: Command '['git', '-C', '/tmp/tmp1p043rc4/repo', 'commit', '--quiet', '-m', 'initial']' returned non-zero exit status 1.

======================================================================
ERROR: test_implementation_without_any_active_plan_fails (tests.test_workplan_resolution.StagePolicyTests.test_implementation_without_any_active_plan_fails)
----------------------------------------------------------------------
Traceback (most recent call last):
  File "/home/runner/work/scientific-software-development-protocol/scientific-software-development-protocol/orchestrator/tests/test_workplan_resolution.py", line 28, in setUp
    self.repo = init_repo(self.root / "repo")
                ^^^^^^^^^^^^^^^^^^^^^^^^^^^^^
  File "/home/runner/work/scientific-software-development-protocol/scientific-software-development-protocol/orchestrator/tests/_support.py", line 75, in init_repo
    subprocess.run(
  File "/opt/hostedtoolcache/Python/3.12.14/x64/lib/python3.12/subprocess.py", line 571, in run
    raise CalledProcessError(retcode, process.args,
subprocess.CalledProcessError: Command '['git', '-C', '/tmp/tmphjag8xps/repo', 'commit', '--quiet', '-m', 'initial']' returned non-zero exit status 1.

======================================================================
ERROR: test_lifecycle_inconsistent_active_plan_is_not_implicitly_current (tests.test_workplan_resolution.StagePolicyTests.test_lifecycle_inconsistent_active_plan_is_not_implicitly_current)
----------------------------------------------------------------------
Traceback (most recent call last):
  File "/home/runner/work/scientific-software-development-protocol/scientific-software-development-protocol/orchestrator/tests/test_workplan_resolution.py", line 28, in setUp
    self.repo = init_repo(self.root / "repo")
                ^^^^^^^^^^^^^^^^^^^^^^^^^^^^^
  File "/home/runner/work/scientific-software-development-protocol/scientific-software-development-protocol/orchestrator/tests/_support.py", line 75, in init_repo
    subprocess.run(
  File "/opt/hostedtoolcache/Python/3.12.14/x64/lib/python3.12/subprocess.py", line 571, in run
    raise CalledProcessError(retcode, process.args,
subprocess.CalledProcessError: Command '['git', '-C', '/tmp/tmpffiogvo7/repo', 'commit', '--quiet', '-m', 'initial']' returned non-zero exit status 1.

======================================================================
ERROR: test_new_task_design_does_not_capture_a_sole_active_plan (tests.test_workplan_resolution.StagePolicyTests.test_new_task_design_does_not_capture_a_sole_active_plan)
Counterfactual required by O4: Design must not silently adopt an unrelated plan.
----------------------------------------------------------------------
Traceback (most recent call last):
  File "/home/runner/work/scientific-software-development-protocol/scientific-software-development-protocol/orchestrator/tests/test_workplan_resolution.py", line 28, in setUp
    self.repo = init_repo(self.root / "repo")
                ^^^^^^^^^^^^^^^^^^^^^^^^^^^^^
  File "/home/runner/work/scientific-software-development-protocol/scientific-software-development-protocol/orchestrator/tests/_support.py", line 75, in init_repo
    subprocess.run(
  File "/opt/hostedtoolcache/Python/3.12.14/x64/lib/python3.12/subprocess.py", line 571, in run
    raise CalledProcessError(retcode, process.args,
subprocess.CalledProcessError: Command '['git', '-C', '/tmp/tmpijjepvjx/repo', 'commit', '--quiet', '-m', 'initial']' returned non-zero exit status 1.

======================================================================
ERROR: test_noncanonical_path_aliases_do_not_select_a_real_plan (tests.test_workplan_resolution.StagePolicyTests.test_noncanonical_path_aliases_do_not_select_a_real_plan)
----------------------------------------------------------------------
Traceback (most recent call last):
  File "/home/runner/work/scientific-software-development-protocol/scientific-software-development-protocol/orchestrator/tests/test_workplan_resolution.py", line 28, in setUp
    self.repo = init_repo(self.root / "repo")
                ^^^^^^^^^^^^^^^^^^^^^^^^^^^^^
  File "/home/runner/work/scientific-software-development-protocol/scientific-software-development-protocol/orchestrator/tests/_support.py", line 75, in init_repo
    subprocess.run(
  File "/opt/hostedtoolcache/Python/3.12.14/x64/lib/python3.12/subprocess.py", line 571, in run
    raise CalledProcessError(retcode, process.args,
subprocess.CalledProcessError: Command '['git', '-C', '/tmp/tmpwokuy740/repo', 'commit', '--quiet', '-m', 'initial']' returned non-zero exit status 1.

======================================================================
ERROR: test_path_traversal_selector_does_not_escape (tests.test_workplan_resolution.StagePolicyTests.test_path_traversal_selector_does_not_escape)
----------------------------------------------------------------------
Traceback (most recent call last):
  File "/home/runner/work/scientific-software-development-protocol/scientific-software-development-protocol/orchestrator/tests/test_workplan_resolution.py", line 28, in setUp
    self.repo = init_repo(self.root / "repo")
                ^^^^^^^^^^^^^^^^^^^^^^^^^^^^^
  File "/home/runner/work/scientific-software-development-protocol/scientific-software-development-protocol/orchestrator/tests/_support.py", line 75, in init_repo
    subprocess.run(
  File "/opt/hostedtoolcache/Python/3.12.14/x64/lib/python3.12/subprocess.py", line 571, in run
    raise CalledProcessError(retcode, process.args,
subprocess.CalledProcessError: Command '['git', '-C', '/tmp/tmpbzxr2q0q/repo', 'commit', '--quiet', '-m', 'initial']' returned non-zero exit status 1.

======================================================================
ERROR: test_selection_is_never_fuzzy (tests.test_workplan_resolution.StagePolicyTests.test_selection_is_never_fuzzy)
----------------------------------------------------------------------
Traceback (most recent call last):
  File "/home/runner/work/scientific-software-development-protocol/scientific-software-development-protocol/orchestrator/tests/test_workplan_resolution.py", line 28, in setUp
    self.repo = init_repo(self.root / "repo")
                ^^^^^^^^^^^^^^^^^^^^^^^^^^^^^
  File "/home/runner/work/scientific-software-development-protocol/scientific-software-development-protocol/orchestrator/tests/_support.py", line 75, in init_repo
    subprocess.run(
  File "/opt/hostedtoolcache/Python/3.12.14/x64/lib/python3.12/subprocess.py", line 571, in run
    raise CalledProcessError(retcode, process.args,
subprocess.CalledProcessError: Command '['git', '-C', '/tmp/tmpxtefug7c/repo', 'commit', '--quiet', '-m', 'initial']' returned non-zero exit status 1.

======================================================================
ERROR: test_unknown_selector_fails (tests.test_workplan_resolution.StagePolicyTests.test_unknown_selector_fails)
----------------------------------------------------------------------
Traceback (most recent call last):
  File "/home/runner/work/scientific-software-development-protocol/scientific-software-development-protocol/orchestrator/tests/test_workplan_resolution.py", line 28, in setUp
    self.repo = init_repo(self.root / "repo")
                ^^^^^^^^^^^^^^^^^^^^^^^^^^^^^
  File "/home/runner/work/scientific-software-development-protocol/scientific-software-development-protocol/orchestrator/tests/_support.py", line 75, in init_repo
    subprocess.run(
  File "/opt/hostedtoolcache/Python/3.12.14/x64/lib/python3.12/subprocess.py", line 571, in run
    raise CalledProcessError(retcode, process.args,
subprocess.CalledProcessError: Command '['git', '-C', '/tmp/tmp9wczeg8i/repo', 'commit', '--quiet', '-m', 'initial']' returned non-zero exit status 1.

----------------------------------------------------------------------
Ran 40 tests in 0.537s

FAILED (errors=40)


384 tests across 12 modules in 18.8s -- FAILED: tests.test_config_and_projects, tests.test_extension_composition, tests.test_git_observation, tests.test_installed_product, tests.test_privacy_and_remote_truth, tests.test_protocol_source_and_profile, tests.test_public_api_seam, tests.test_render_and_identity, tests.test_workplan_resolution
